CUST_ID,SURVEY_RES_01,SURVEY_RES_02,SURVEY_RES_03,SURVEY_RES_04,SURVEY_RES_05,SURVEY_RES_06,SURVEY_RES_07,SURVEY_RES_08,SURVEY_RES_09,SURVEY_RES_10,SURVEY_RES_11,SATISFACTION
462,0.8285714285714283,-0.3621307692115016,4.8,7.7,4.5,7.2,6.9,9.6,6.4,5.7,5.5,1
68,0.5999999999999999,-1.0059188033652828,2.7,6.6,6.5,6.3,6.0,8.7,4.7,4.6,4.6,1
680,0.34285714285714275,-0.3621307692115016,2.6,5.0,4.1,4.4,4.8,7.2,4.5,4.2,3.7,0
544,0.17142857142857135,1.4261693256601122,7.2,6.9,2.6,5.8,3.5,5.4,6.2,5.6,4.0,1
1196,0.9428571428571428,-1.7212388413139283,7.7,7.0,5.6,5.7,8.2,6.3,7.4,5.5,4.9,1
1024,0.17142857142857135,1.4261693256601122,7.2,6.9,2.6,5.8,3.5,5.4,6.2,5.6,4.0,1
119,0.2857142857142857,-0.8628547957755536,3.0,3.7,4.8,6.3,4.5,5.0,5.2,2.9,3.1,0
830,0.2285714285714285,-0.00447075023717878,4.4,5.1,5.9,4.2,4.8,9.7,5.7,3.4,3.5,0
100,0.7714285714285716,-1.2920468185447411,3.0,4.8,5.1,3.9,6.4,8.2,5.1,4.5,3.2,0
184,0.7714285714285716,-1.2920468185447411,3.0,4.8,5.1,3.9,6.4,8.2,5.1,4.5,3.2,0
883,0.34285714285714275,-0.3621307692115016,2.6,5.0,4.1,4.4,4.8,7.2,4.5,4.2,3.7,0
986,0.3714285714285713,-0.2905987654166373,4.1,4.5,3.5,4.1,4.5,7.6,4.9,3.4,3.4,0
857,0.4571428571428571,-1.578174833724199,6.8,7.5,5.7,5.7,6.0,8.2,6.6,6.5,5.2,1
309,0.4285714285714286,1.4261693256601122,7.5,4.7,5.6,7.0,6.7,6.8,7.2,4.1,3.9,1
850,0.05714285714285705,0.9969773028909252,2.6,7.2,2.2,7.2,4.5,6.2,6.4,6.7,4.5,1
766,0.6571428571428571,-1.148982810955012,4.7,6.9,4.5,6.8,5.9,8.8,6.0,4.8,5.2,1
592,0.17142857142857135,-1.0059188033652828,3.1,4.1,4.0,4.3,3.7,8.5,5.1,3.6,3.3,0
743,0.4285714285714286,-1.7212388413139283,4.7,5.4,4.3,5.3,4.9,6.0,5.6,4.5,4.3,0
340,0.3714285714285713,-0.2905987654166373,4.1,4.5,3.5,4.1,4.5,7.6,4.9,3.4,3.4,0
222,0.8285714285714283,-0.3621307692115016,4.8,7.7,4.5,7.2,6.9,9.6,6.4,5.7,5.5,1
760,0.31428571428571417,0.06706125355768552,6.1,5.7,5.5,4.6,4.7,8.7,5.9,4.7,4.2,0
1151,0.34285714285714275,0.7823812915063311,5.9,4.6,3.9,6.0,4.5,6.8,6.4,3.9,3.5,0
506,0.3999999999999999,-0.21906676162177294,7.6,4.6,4.7,4.6,5.0,7.4,8.1,4.5,3.9,0
839,0.31428571428571417,0.06706125355768552,6.1,5.7,5.5,4.6,4.7,8.7,5.9,4.7,4.2,0
998,0.3999999999999999,-0.21906676162177294,3.0,4.0,5.1,4.2,4.6,7.7,4.9,4.7,3.5,0
446,0.6571428571428571,-1.148982810955012,4.7,6.9,4.5,6.8,5.9,8.8,6.0,4.8,5.2,1
181,0.4571428571428571,-1.9358348526985216,7.1,5.2,3.9,4.3,5.0,8.4,7.1,3.3,3.3,0
612,0.3999999999999999,0.2101252611474141,3.9,6.2,5.8,4.9,5.0,9.0,5.2,4.7,4.5,1
1135,0.2,0.4962532763268726,5.8,3.9,2.9,5.6,4.0,6.3,6.1,2.7,3.0,0
721,0.31428571428571417,-1.2205148147498763,3.9,4.8,4.6,3.6,5.1,6.9,5.4,4.3,3.7,0
715,0.11428571428571432,-0.14753475782690803,8.0,6.7,3.5,7.2,4.3,5.9,6.9,5.1,4.3,1
291,0.5428571428571427,1.211573314275518,6.2,7.3,2.9,7.7,5.5,7.7,6.1,5.2,4.9,1
256,0.31428571428571417,0.06706125355768552,6.1,5.7,5.5,4.6,4.7,8.7,5.9,4.7,4.2,0
835,0.34285714285714275,0.2816572649422797,3.3,5.5,3.1,4.6,5.2,9.1,4.1,4.6,3.9,0
1118,0.4857142857142856,0.9254452990960595,4.6,5.3,4.2,8.4,4.8,7.1,6.2,4.4,4.2,1
269,0.5142857142857142,-0.8628547957755536,5.2,3.9,3.0,5.4,6.8,8.4,6.2,2.5,3.5,0
607,0.5428571428571427,-1.4351108261344698,5.5,7.2,3.5,6.4,5.5,8.4,6.2,5.7,4.8,1
149,0.4285714285714286,1.4261693256601122,7.5,4.7,5.6,7.0,6.7,6.8,7.2,4.1,3.9,1
975,0.1428571428571429,0.2101252611474141,3.7,7.4,2.7,7.9,3.1,5.3,5.3,4.5,4.9,0
810,0.6571428571428571,-1.077450807160147,5.1,6.1,4.7,5.7,5.7,8.4,5.4,4.1,4.4,0
235,0.11428571428571432,-0.14753475782690803,8.0,6.7,3.5,7.2,4.3,5.9,6.9,5.1,4.3,1
519,0.2857142857142857,-1.077450807160147,6.7,3.6,2.2,2.9,5.0,8.4,7.3,2.0,1.6,0
66,0.4571428571428571,-1.578174833724199,3.5,6.7,5.4,5.7,6.0,8.2,5.4,4.7,5.2,1
912,0.4285714285714286,-0.7197907881858243,5.0,2.6,2.1,2.3,5.4,8.9,4.8,2.1,2.0,0
278,0.0,-0.14753475782690803,6.3,4.5,2.4,4.7,3.4,6.2,6.0,3.3,2.6,0
734,0.6571428571428571,-1.077450807160147,5.1,6.1,4.7,5.7,5.7,8.4,5.4,4.1,4.4,0
797,0.4285714285714286,0.8539132953011953,7.0,4.1,4.4,6.3,5.4,7.3,7.5,4.4,3.3,1
401,0.31428571428571417,-1.077450807160147,7.0,3.7,4.7,4.7,4.5,8.8,7.0,4.3,3.0,0
781,0.4571428571428571,0.9969773028909252,7.3,5.7,3.7,6.4,5.5,7.4,6.6,4.1,3.4,1
572,0.7714285714285716,-1.2920468185447411,3.0,4.8,5.1,3.9,6.4,8.2,5.1,4.5,3.2,0
101,0.7428571428571427,0.4962532763268726,5.6,5.3,2.3,6.0,5.7,6.7,5.8,4.9,3.6,0
772,0.3999999999999999,0.2101252611474141,3.9,6.2,5.8,4.9,5.0,9.0,5.2,4.7,4.5,1
372,0.3999999999999999,0.2101252611474141,3.9,6.2,5.8,4.9,5.0,9.0,5.2,4.7,4.5,1
765,0.4857142857142856,0.9254452990960595,5.7,5.5,2.4,8.4,4.8,7.1,6.7,4.5,4.2,1
312,0.3714285714285713,0.9969773028909252,6.3,7.6,5.5,7.5,5.9,4.6,6.6,5.2,4.6,1
152,0.3714285714285713,0.9969773028909252,6.3,7.6,5.5,7.5,5.9,4.6,6.6,5.2,4.6,1
931,0.5428571428571427,1.211573314275518,6.2,7.3,2.9,7.7,5.5,7.7,6.1,5.2,4.9,1
976,0.3999999999999999,-1.077450807160147,2.7,5.3,3.9,3.9,5.3,7.1,5.2,4.7,3.9,0
417,0.3999999999999999,-0.8628547957755536,5.9,4.2,3.4,4.7,4.8,7.2,5.7,4.0,2.8,0
11,0.3714285714285713,-0.2905987654166373,4.1,4.5,3.5,4.1,4.5,7.6,4.9,3.4,3.4,0
463,0.3999999999999999,-0.21906676162177294,5.2,5.8,5.6,6.6,5.4,4.4,6.7,4.6,4.0,1
356,0.4285714285714286,-1.7212388413139283,4.7,5.4,4.3,5.3,4.9,6.0,5.6,4.5,4.3,0
623,0.3999999999999999,-0.21906676162177294,5.2,5.8,5.6,6.6,5.4,4.4,6.7,4.6,4.0,1
2,0.1428571428571429,0.2101252611474141,3.7,7.4,2.7,7.9,3.1,5.3,5.3,4.5,4.9,0
546,0.4571428571428571,-1.578174833724199,3.5,6.7,5.4,5.7,6.0,8.2,5.4,4.7,5.2,1
217,0.4571428571428571,-1.578174833724199,6.8,7.5,5.7,5.7,6.0,8.2,6.6,6.5,5.2,1
834,0.5714285714285714,-0.5767267805960957,4.1,2.6,2.1,3.3,4.5,9.9,5.5,2.0,2.4,0
906,0.5714285714285714,-0.5767267805960957,4.1,2.6,2.1,3.3,4.5,9.9,5.5,2.0,2.4,0
848,0.6571428571428571,0.8539132953011953,3.6,6.4,5.3,5.3,7.1,8.4,5.8,4.5,4.4,1
386,0.4571428571428571,-1.578174833724199,3.5,6.7,5.4,5.7,6.0,8.2,5.4,4.7,5.2,1
246,0.4285714285714286,-0.8628547957755536,6.5,5.3,5.3,5.1,4.9,9.2,5.7,3.5,3.4,0
368,0.6571428571428571,0.8539132953011953,3.6,6.4,5.3,5.3,7.1,8.4,5.8,4.5,4.4,1
730,0.5714285714285714,-0.5767267805960957,4.1,2.6,2.1,3.3,4.5,9.9,5.5,2.0,2.4,0
1193,0.2857142857142857,0.5677852801217369,6.4,4.9,2.4,6.8,4.6,6.8,6.3,4.3,4.0,1
640,0.4571428571428571,0.9969773028909252,4.0,4.6,4.7,6.4,5.5,7.4,5.3,3.6,3.4,1
1085,0.4857142857142856,0.9254452990960595,5.7,5.5,2.4,8.4,4.8,7.1,6.7,4.5,4.2,1
457,0.4571428571428571,-1.578174833724199,6.8,7.5,5.7,5.7,6.0,8.2,6.6,6.5,5.2,1
576,0.3999999999999999,-0.9343867995704184,5.8,4.1,4.9,4.7,4.8,7.2,6.5,3.5,2.8,0
389,0.4285714285714286,1.4261693256601122,7.5,4.7,5.6,7.0,6.7,6.8,7.2,4.1,3.9,1
153,0.2857142857142857,0.5677852801217369,6.4,4.9,2.4,6.8,4.6,6.8,6.3,4.3,4.0,1
44,0.9714285714285712,1.1400413104806535,4.6,6.9,5.0,6.9,6.6,7.6,6.5,5.1,4.4,1
81,0.3999999999999999,-2.078898860288251,1.3,3.0,3.5,4.2,4.9,8.2,4.3,2.4,3.1,0
966,0.5142857142857142,-1.578174833724199,7.9,6.4,2.7,5.5,5.1,6.2,7.5,5.0,4.5,0
942,0.8285714285714283,-0.3621307692115016,4.8,7.7,4.5,7.2,6.9,9.6,6.4,5.7,5.5,1
1147,0.7714285714285716,-1.2920468185447411,3.0,4.8,5.1,3.9,6.4,8.2,5.1,4.5,3.2,0
175,0.1428571428571429,0.2101252611474141,5.1,7.2,3.4,7.9,3.1,5.3,5.5,3.9,4.9,0
468,0.5999999999999999,-1.0059188033652828,2.7,6.6,6.5,6.3,6.0,8.7,4.7,4.6,4.6,1
387,0.6571428571428571,0.8539132953011953,6.1,5.9,6.3,5.3,7.1,8.4,7.1,5.4,4.4,1
710,0.4857142857142856,0.42472127253200825,5.3,5.5,5.0,4.9,6.0,6.8,5.7,4.4,3.7,1
638,0.4857142857142856,0.9254452990960595,4.6,5.3,4.2,8.4,4.8,7.1,6.2,4.4,4.2,1
3,0.5999999999999999,1.4977013294549766,5.3,3.7,4.2,5.4,4.5,3.8,6.7,3.7,3.5,0
169,0.2,0.4962532763268726,5.8,3.9,2.9,5.6,4.0,6.3,6.1,2.7,3.0,0
1176,0.5428571428571427,-1.4351108261344698,5.7,5.9,5.8,6.4,5.5,8.4,6.4,5.2,4.8,1
647,0.5999999999999999,1.4977013294549766,7.1,6.3,2.9,5.4,4.5,3.8,6.7,5.0,3.5,0
480,0.4571428571428571,0.9969773028909252,4.0,4.6,4.7,6.4,5.5,7.4,5.3,3.6,3.4,1
266,0.5999999999999999,1.4977013294549766,7.1,6.3,2.9,5.4,4.5,3.8,6.7,5.0,3.5,0
237,0.4285714285714286,0.8539132953011953,7.0,4.1,4.4,6.3,5.4,7.3,7.5,4.4,3.3,1
1148,0.34285714285714275,-0.5767267805960957,4.9,4.1,4.0,5.0,5.9,7.8,6.1,2.6,2.7,0
698,0.4285714285714286,1.4261693256601122,3.7,6.1,4.2,7.0,6.7,6.8,5.9,4.5,3.9,1
1022,0.8285714285714283,-0.3621307692115016,4.8,7.7,4.5,7.2,6.9,9.6,6.4,5.7,5.5,1
885,0.3999999999999999,0.4962532763268726,7.4,5.1,3.5,7.3,4.7,3.7,6.7,4.8,4.0,0
1122,0.3714285714285713,-0.2905987654166373,3.8,3.5,2.9,4.1,4.5,7.6,5.1,4.0,3.4,0
678,0.3999999999999999,-0.21906676162177294,3.0,4.0,5.1,4.2,4.6,7.7,4.9,4.7,3.5,0
29,0.3999999999999999,-1.077450807160147,2.7,5.3,3.9,3.9,5.3,7.1,5.2,4.7,3.9,0
1096,0.5428571428571427,-1.4351108261344698,5.7,5.9,5.8,6.4,5.5,8.4,6.4,5.2,4.8,1
192,0.31428571428571417,0.06706125355768552,3.8,5.8,3.2,4.6,4.7,8.7,5.3,4.9,4.2,0
403,0.34285714285714275,-1.649706837519064,5.1,6.4,3.7,5.7,5.6,9.1,5.4,5.0,4.5,0
735,0.5142857142857142,-1.578174833724199,7.9,6.4,2.7,5.5,5.1,6.2,7.5,5.0,4.5,0
758,0.3999999999999999,-0.8628547957755536,5.9,4.2,3.4,4.7,4.8,7.2,5.7,4.0,2.8,0
51,0.5428571428571427,1.211573314275518,6.2,7.3,2.9,7.7,5.5,7.7,6.1,5.2,4.9,1
1016,0.5428571428571427,-1.4351108261344698,5.7,5.9,5.8,6.4,5.5,8.4,6.4,5.2,4.8,1
1167,0.5428571428571427,-1.4351108261344698,5.5,7.2,3.5,6.4,5.5,8.4,6.2,5.7,4.8,1
1111,0.4571428571428571,1.0685093066857896,7.0,6.2,4.7,6.5,4.9,8.5,7.3,4.3,4.1,1
112,0.3999999999999999,-0.9343867995704184,5.8,4.1,4.9,4.7,4.8,7.2,6.5,3.5,2.8,0
649,0.2857142857142857,-0.8628547957755536,3.0,3.7,4.8,6.3,4.5,5.0,5.2,2.9,3.1,0
924,0.9714285714285712,1.1400413104806535,4.6,6.9,5.0,6.9,6.6,7.6,6.5,5.1,4.4,1
5,0.5142857142857142,-0.8628547957755536,5.2,3.9,3.0,5.4,6.8,8.4,6.2,2.5,3.5,0
52,0.3999999999999999,0.2101252611474141,3.9,6.2,5.8,4.9,5.0,9.0,5.2,4.7,4.5,1
622,0.8285714285714283,-0.3621307692115016,4.8,7.7,4.5,7.2,6.9,9.6,6.4,5.7,5.5,1
118,0.2857142857142857,0.5677852801217369,4.0,6.8,3.2,7.8,3.8,4.9,6.1,4.3,4.5,0
268,0.5999999999999999,1.4977013294549766,5.3,3.7,4.2,5.4,4.5,3.8,6.7,3.7,3.5,0
39,0.34285714285714275,-1.649706837519064,5.1,6.4,3.7,5.7,5.6,9.1,5.4,5.0,4.5,0
360,0.3999999999999999,-0.21906676162177294,7.6,4.6,4.7,4.6,5.0,7.4,8.1,4.5,3.9,0
1004,0.9714285714285712,1.1400413104806535,4.6,6.9,5.0,6.9,6.6,7.6,6.5,5.1,4.4,1
124,0.9714285714285712,1.1400413104806535,4.6,6.9,5.0,6.9,6.6,7.6,6.5,5.1,4.4,1
1094,0.8285714285714283,0.9969773028909252,4.6,6.8,5.8,6.6,6.3,7.4,5.1,4.6,4.3,1
811,0.2285714285714285,1.4261693256601122,6.8,5.0,5.4,5.9,4.8,4.9,7.3,3.1,3.8,0
657,0.5428571428571427,-1.3635788223396057,5.3,4.7,3.5,5.3,5.3,8.0,6.5,4.7,4.0,0
1040,0.4571428571428571,0.9969773028909252,4.0,4.6,4.7,6.4,5.5,7.4,5.3,3.6,3.4,1
189,0.1428571428571429,0.2101252611474141,3.7,7.4,2.7,7.9,3.1,5.3,5.3,4.5,4.9,0
725,0.1428571428571429,0.2101252611474141,3.7,7.4,2.7,7.9,3.1,5.3,5.3,4.5,4.9,0
207,0.5428571428571427,-1.4351108261344698,5.5,7.2,3.5,6.4,5.5,8.4,6.2,5.7,4.8,1
1070,0.34285714285714275,-0.5767267805960957,4.9,4.1,4.0,5.0,5.9,7.8,6.1,2.6,2.7,0
548,0.5999999999999999,-1.0059188033652828,2.7,6.6,6.5,6.3,6.0,8.7,4.7,4.6,4.6,1
1102,0.8285714285714283,-0.3621307692115016,4.8,7.7,4.5,7.2,6.9,9.6,6.4,5.7,5.5,1
1001,0.4857142857142856,0.42472127253200825,2.5,5.9,4.8,4.9,6.0,6.8,4.7,5.0,3.7,1
964,0.7714285714285716,-1.2920468185447411,6.3,3.9,4.4,3.9,6.4,8.2,5.8,3.0,3.2,0
1061,0.4857142857142856,0.6393172839166025,3.8,5.1,4.3,4.7,4.8,5.8,5.0,4.4,2.9,0
771,0.5428571428571427,1.211573314275518,6.2,7.3,2.9,7.7,5.5,7.7,6.1,5.2,4.9,1
826,0.3999999999999999,-0.21906676162177294,3.0,4.0,5.1,4.2,4.6,7.7,4.9,4.7,3.5,0
1021,0.4571428571428571,0.9969773028909252,7.3,5.7,3.7,6.4,5.5,7.4,6.6,4.1,3.4,1
385,0.4571428571428571,0.353189268737144,6.7,5.0,4.5,4.7,5.9,6.7,5.1,2.7,3.6,1
1011,0.5428571428571427,1.211573314275518,6.2,7.3,2.9,7.7,5.5,7.7,6.1,5.2,4.9,1
440,0.7714285714285716,-1.2920468185447411,3.0,4.8,5.1,3.9,6.4,8.2,5.1,4.5,3.2,0
504,0.2857142857142857,0.5677852801217369,4.0,6.8,3.2,7.8,3.8,4.9,6.1,4.3,4.5,0
675,0.08571428571428563,0.13859325735254982,7.2,4.5,2.3,5.1,3.8,6.6,6.8,3.0,3.0,0
363,0.2857142857142857,0.5677852801217369,4.6,4.8,2.7,6.8,4.6,6.8,5.8,3.8,4.0,1
115,0.2285714285714285,1.4261693256601122,6.8,5.0,5.4,5.9,4.8,4.9,7.3,3.1,3.8,0
285,0.4857142857142856,0.9254452990960595,5.7,5.5,2.4,8.4,4.8,7.1,6.7,4.5,4.2,1
383,0.3999999999999999,-0.21906676162177294,5.2,5.8,5.6,6.6,5.4,4.4,6.7,4.6,4.0,1
1095,0.8285714285714283,-2.007366856493386,6.6,6.9,4.4,5.4,7.8,5.9,7.2,4.9,4.5,1
858,0.4285714285714286,1.4261693256601122,3.7,6.1,4.2,7.0,6.7,6.8,5.9,4.5,3.9,1
467,0.6571428571428571,0.8539132953011953,6.1,5.9,6.3,5.3,7.1,8.4,7.1,5.4,4.4,1
1159,0.2285714285714285,0.42472127253200825,7.2,5.8,4.1,7.6,3.7,4.8,6.9,5.3,4.4,0
816,0.4571428571428571,-1.9358348526985216,7.1,5.2,3.9,4.3,5.0,8.4,7.1,3.3,3.3,0
90,0.34285714285714275,-0.5767267805960957,4.9,4.1,4.0,5.0,5.9,7.8,6.1,2.6,2.7,0
388,0.5999999999999999,-1.0059188033652828,2.7,6.6,6.5,6.3,6.0,8.7,4.7,4.6,4.6,1
247,0.3999999999999999,-0.21906676162177294,7.6,4.6,4.7,4.6,5.0,7.4,8.1,4.5,3.9,0
813,0.2,0.4962532763268726,5.8,3.9,2.9,5.6,4.0,6.3,6.1,2.7,3.0,0
712,0.3714285714285713,0.9969773028909252,6.3,7.6,5.5,7.5,5.9,4.6,6.6,5.2,4.6,1
1164,0.9714285714285712,1.1400413104806535,4.6,6.9,5.0,6.9,6.6,7.6,6.5,5.1,4.4,1
944,0.17142857142857135,1.4261693256601122,7.2,6.9,2.6,5.8,3.5,5.4,6.2,5.6,4.0,1
581,0.2857142857142857,-1.077450807160147,6.7,3.6,2.2,2.9,5.0,8.4,7.3,2.0,1.6,0
327,0.2285714285714285,0.42472127253200825,5.7,6.0,2.3,7.6,3.7,4.8,5.8,5.7,4.4,0
414,0.34285714285714275,0.2816572649422797,3.3,5.5,3.1,4.6,5.2,9.1,4.1,4.6,3.9,0
861,0.4571428571428571,0.9969773028909252,7.3,5.7,3.7,6.4,5.5,7.4,6.6,4.1,3.4,1
1012,0.3999999999999999,0.2101252611474141,3.9,6.2,5.8,4.9,5.0,9.0,5.2,4.7,4.5,1
573,0.34285714285714275,0.7823812915063311,5.2,4.6,2.2,6.0,4.5,6.8,6.1,4.5,3.5,0
227,0.6571428571428571,0.8539132953011953,6.1,5.9,6.3,5.3,7.1,8.4,7.1,5.4,4.4,1
277,0.08571428571428563,0.13859325735254982,7.2,4.5,2.3,5.1,3.8,6.6,6.8,3.0,3.0,0
643,0.4285714285714286,-1.7212388413139283,4.7,5.4,4.3,5.3,4.9,6.0,5.6,4.5,4.3,0
821,0.2285714285714285,0.42472127253200825,7.2,5.8,4.1,7.6,3.7,4.8,6.9,5.3,4.4,0
818,0.5428571428571427,-1.3635788223396057,5.3,4.7,3.5,5.3,5.3,8.0,6.5,4.7,4.0,0
780,0.08571428571428563,1.0685093066857896,4.8,6.1,3.2,7.3,4.6,6.3,6.3,4.7,4.6,1
1171,0.5428571428571427,1.211573314275518,6.2,7.3,2.9,7.7,5.5,7.7,6.1,5.2,4.9,1
160,0.4571428571428571,0.9969773028909252,4.0,4.6,4.7,6.4,5.5,7.4,5.3,3.6,3.4,1
53,0.4571428571428571,1.0685093066857896,4.7,5.4,3.8,6.5,4.9,8.5,4.9,4.1,4.1,1
787,0.6571428571428571,0.8539132953011953,6.1,5.9,6.3,5.3,7.1,8.4,7.1,5.4,4.4,1
866,0.4571428571428571,-1.578174833724199,3.5,6.7,5.4,5.7,6.0,8.2,5.4,4.7,5.2,1
685,0.4857142857142856,0.9254452990960595,5.7,5.5,2.4,8.4,4.8,7.1,6.7,4.5,4.2,1
999,0.0,-0.14753475782690803,6.3,4.5,2.4,4.7,3.4,6.2,6.0,3.3,2.6,0
1028,0.5999999999999999,-1.0059188033652828,2.7,6.6,6.5,6.3,6.0,8.7,4.7,4.6,4.6,1
809,0.34285714285714275,0.7823812915063311,5.2,4.6,2.2,6.0,4.5,6.8,6.1,4.5,3.5,0
873,0.2857142857142857,0.5677852801217369,6.4,4.9,2.4,6.8,4.6,6.8,6.3,4.3,4.0,1
863,0.3999999999999999,-0.21906676162177294,5.2,5.8,5.6,6.6,5.4,4.4,6.7,4.6,4.0,1
378,0.4285714285714286,1.4261693256601122,3.7,6.1,4.2,7.0,6.7,6.8,5.9,4.5,3.9,1
406,0.17142857142857135,-1.0059188033652828,3.1,4.1,4.0,4.3,3.7,8.5,5.1,3.6,3.3,0
107,0.1428571428571429,0.2101252611474141,3.7,7.4,2.7,7.9,3.1,5.3,5.3,4.5,4.9,0
412,0.5142857142857142,-1.578174833724199,7.9,6.4,2.7,5.5,5.1,6.2,7.5,5.0,4.5,0
633,0.2857142857142857,0.5677852801217369,6.4,4.9,2.4,6.8,4.6,6.8,6.3,4.3,4.0,1
697,0.4571428571428571,-1.578174833724199,6.8,7.5,5.7,5.7,6.0,8.2,6.6,6.5,5.2,1
30,0.34285714285714275,-0.5767267805960957,4.9,4.1,4.0,5.0,5.9,7.8,6.1,2.6,2.7,0
991,0.5999999999999999,1.4977013294549766,7.1,6.3,2.9,5.4,4.5,3.8,6.7,5.0,3.5,0
1088,0.6571428571428571,0.8539132953011953,3.6,6.4,5.3,5.3,7.1,8.4,5.8,4.5,4.4,1
1039,0.3714285714285713,0.9969773028909252,5.4,7.8,4.6,7.5,5.9,4.6,6.4,4.8,4.6,1
1020,0.08571428571428563,1.0685093066857896,4.8,6.1,3.2,7.3,4.6,6.3,6.3,4.7,4.6,1
335,0.2857142857142857,-1.077450807160147,6.7,3.6,2.2,2.9,5.0,8.4,7.3,2.0,1.6,0
1084,0.9714285714285712,1.1400413104806535,4.6,6.9,5.0,6.9,6.6,7.6,6.5,5.1,4.4,1
933,0.4571428571428571,1.0685093066857896,4.7,5.4,3.8,6.5,4.9,8.5,4.9,4.1,4.1,1
42,0.34285714285714275,0.9254452990960595,5.6,5.6,5.4,7.4,5.8,4.5,6.2,5.4,4.5,1
50,0.05714285714285705,0.9969773028909252,2.6,7.2,2.2,7.2,4.5,6.2,6.4,6.7,4.5,1
183,0.3999999999999999,-0.8628547957755536,5.9,4.2,3.4,4.7,4.8,7.2,5.7,4.0,2.8,0
1142,0.3999999999999999,-0.9343867995704184,5.8,4.1,4.9,4.7,4.8,7.2,6.5,3.5,2.8,0
180,0.31428571428571417,0.06706125355768552,6.1,5.7,5.5,4.6,4.7,8.7,5.9,4.7,4.2,0
832,0.7428571428571427,0.4962532763268726,5.6,5.3,2.3,6.0,5.7,6.7,5.8,4.9,3.6,0
1015,0.8285714285714283,-2.007366856493386,6.6,6.9,4.4,5.4,7.8,5.9,7.2,4.9,4.5,1
910,0.3999999999999999,-1.077450807160147,2.7,5.3,3.9,3.9,5.3,7.1,5.2,4.7,3.9,0
899,0.31428571428571417,-0.64825878439096,5.4,5.5,2.6,4.8,4.2,9.0,6.5,4.3,3.7,0
398,0.4857142857142856,0.9254452990960595,4.6,5.3,4.2,8.4,4.8,7.1,6.2,4.4,4.2,1
1175,0.8285714285714283,-2.007366856493386,6.6,6.9,4.4,5.4,7.8,5.9,7.2,4.9,4.5,1
280,0.6571428571428571,-1.077450807160147,5.1,6.1,4.7,5.7,5.7,8.4,5.4,4.1,4.4,0
174,0.4857142857142856,0.6393172839166025,3.8,5.1,4.3,4.7,4.8,5.8,5.0,4.4,2.9,0
1162,0.34285714285714275,0.9254452990960595,5.6,5.6,5.4,7.4,5.8,4.5,6.2,5.4,4.5,1
777,0.4571428571428571,-1.578174833724199,6.8,7.5,5.7,5.7,6.0,8.2,6.6,6.5,5.2,1
211,0.5428571428571427,1.211573314275518,6.2,7.3,2.9,7.7,5.5,7.7,6.1,5.2,4.9,1
265,0.3714285714285713,-0.2905987654166373,4.1,4.5,3.5,4.1,4.5,7.6,4.9,3.4,3.4,0
150,0.4857142857142856,0.42472127253200825,5.3,5.5,5.0,4.9,6.0,6.8,5.7,4.4,3.7,1
67,0.6571428571428571,0.8539132953011953,6.1,5.9,6.3,5.3,7.1,8.4,7.1,5.4,4.4,1
465,0.4571428571428571,0.353189268737144,6.7,5.0,4.5,4.7,5.9,6.7,5.1,2.7,3.6,1
315,0.11428571428571432,-0.14753475782690803,8.0,6.7,3.5,7.2,4.3,5.9,6.9,5.1,4.3,1
824,0.4285714285714286,-0.8628547957755536,6.5,5.3,5.3,5.1,4.9,9.2,5.7,3.5,3.4,0
138,0.4285714285714286,1.4261693256601122,3.7,6.1,4.2,7.0,6.7,6.8,5.9,4.5,3.9,1
599,0.31428571428571417,-1.077450807160147,7.0,3.7,4.7,4.7,4.5,8.8,7.0,4.3,3.0,0
73,0.2857142857142857,0.5677852801217369,6.4,4.9,2.4,6.8,4.6,6.8,6.3,4.3,4.0,1
1177,0.4571428571428571,-1.578174833724199,6.8,7.5,5.7,5.7,6.0,8.2,6.6,6.5,5.2,1
521,0.4857142857142856,0.42472127253200825,2.5,5.9,4.8,4.9,6.0,6.8,4.7,5.0,3.7,1
708,0.5999999999999999,-1.0059188033652828,2.7,6.6,6.5,6.3,6.0,8.7,4.7,4.6,4.6,1
137,0.4571428571428571,-1.578174833724199,6.8,7.5,5.7,5.7,6.0,8.2,6.6,6.5,5.2,1
888,0.2,0.4962532763268726,5.8,3.9,2.9,5.6,4.0,6.3,6.1,2.7,3.0,0
668,0.3999999999999999,0.8539132953011953,5.5,5.4,4.2,6.2,4.6,8.3,6.5,4.6,3.9,0
707,0.6571428571428571,0.8539132953011953,6.1,5.9,6.3,5.3,7.1,8.4,7.1,5.4,4.4,1
1059,0.5714285714285714,-0.5767267805960957,4.1,2.6,2.1,3.3,4.5,9.9,5.5,2.0,2.4,0
714,0.11428571428571432,-0.14753475782690803,6.7,6.6,1.9,7.2,4.3,5.9,6.5,4.7,4.3,1
450,0.05714285714285705,0.9969773028909252,2.6,7.2,2.2,7.2,4.5,6.2,6.4,6.7,4.5,1
541,0.4571428571428571,0.9969773028909252,7.3,5.7,3.7,6.4,5.5,7.4,6.6,4.1,3.4,1
895,0.3999999999999999,-1.5066428299293348,5.1,6.7,3.7,5.9,5.8,9.3,5.9,4.4,4.6,0
827,0.3714285714285713,-0.2905987654166373,3.8,3.5,2.9,4.1,4.5,7.6,5.1,4.0,3.4,0
358,0.4857142857142856,0.6393172839166025,3.8,5.1,4.3,4.7,4.8,5.8,5.0,4.4,2.9,0
1183,0.3999999999999999,-0.21906676162177294,5.2,5.8,5.6,6.6,5.4,4.4,6.7,4.6,4.0,1
755,0.0,-0.14753475782690803,6.3,4.5,2.4,4.7,3.4,6.2,6.0,3.3,2.6,0
656,0.3999999999999999,-0.8628547957755536,5.9,4.2,3.4,4.7,4.8,7.2,5.7,4.0,2.8,0
474,0.11428571428571432,-0.14753475782690803,6.7,6.6,1.9,7.2,4.3,5.9,6.5,4.7,4.3,1
18,0.31428571428571417,-0.64825878439096,5.4,5.5,2.6,4.8,4.2,9.0,6.5,4.3,3.7,0
971,0.6571428571428571,-1.077450807160147,5.1,6.1,4.7,5.7,5.7,8.4,5.4,4.1,4.4,0
464,0.17142857142857135,1.4261693256601122,7.2,6.9,2.6,5.8,3.5,5.4,6.2,5.6,4.0,1
1137,0.08571428571428563,0.13859325735254982,7.2,4.5,2.3,5.1,3.8,6.6,6.8,3.0,3.0,0
381,0.4571428571428571,0.9969773028909252,7.3,5.7,3.7,6.4,5.5,7.4,6.6,4.1,3.4,1
522,0.34285714285714275,0.9254452990960595,5.6,5.6,5.4,7.4,5.8,4.5,6.2,5.4,4.5,1
496,0.17142857142857135,-1.0059188033652828,3.1,4.1,4.0,4.3,3.7,8.5,5.1,3.6,3.3,0
399,0.3714285714285713,0.9969773028909252,5.4,7.8,4.6,7.5,5.9,4.6,6.4,4.8,4.6,1
879,0.3714285714285713,0.9969773028909252,5.4,7.8,4.6,7.5,5.9,4.6,6.4,4.8,4.6,1
92,0.4285714285714286,-0.8628547957755536,6.5,5.3,5.3,5.1,4.9,9.2,5.7,3.5,3.4,0
752,0.08571428571428563,0.06706125355768552,4.7,7.1,3.6,7.7,3.0,5.2,5.1,4.3,4.7,0
744,0.34285714285714275,-1.649706837519064,5.1,6.4,3.7,5.7,5.6,9.1,5.4,5.0,4.5,0
422,0.3999999999999999,-2.078898860288251,1.3,3.0,3.5,4.2,4.9,8.2,4.3,2.4,3.1,0
543,0.3999999999999999,-0.21906676162177294,5.2,5.8,5.6,6.6,5.4,4.4,6.7,4.6,4.0,1
507,0.2857142857142857,-0.8628547957755536,3.0,3.7,4.8,6.3,4.5,5.0,5.2,2.9,3.1,0
486,0.4285714285714286,-1.7212388413139283,4.7,5.4,4.3,5.3,4.9,6.0,5.6,4.5,4.3,0
225,0.4571428571428571,0.353189268737144,6.7,5.0,4.5,4.7,5.9,6.7,5.1,2.7,3.6,1
390,0.4857142857142856,0.42472127253200825,5.3,5.5,5.0,4.9,6.0,6.8,5.7,4.4,3.7,1
953,0.2857142857142857,0.5677852801217369,6.4,4.9,2.4,6.8,4.6,6.8,6.3,4.3,4.0,1
393,0.2857142857142857,0.5677852801217369,6.4,4.9,2.4,6.8,4.6,6.8,6.3,4.3,4.0,1
1116,0.9428571428571428,-1.7212388413139283,7.7,7.0,5.6,5.7,8.2,6.3,7.4,5.5,4.9,1
12,0.34285714285714275,0.7823812915063311,5.2,4.6,2.2,6.0,4.5,6.8,6.1,4.5,3.5,0
779,0.4857142857142856,-0.00447075023717878,4.3,5.8,4.4,6.9,5.8,4.7,5.2,4.1,4.3,1
665,0.2285714285714285,-0.00447075023717878,4.4,5.1,5.9,4.2,4.8,9.7,5.7,3.4,3.5,0
724,0.17142857142857135,-1.0059188033652828,3.1,4.1,4.0,4.3,3.7,8.5,5.1,3.6,3.3,0
580,0.31428571428571417,0.06706125355768552,3.8,5.8,3.2,4.6,4.7,8.7,5.3,4.9,4.2,0
555,0.11428571428571432,-0.14753475782690803,8.0,6.7,3.5,7.2,4.3,5.9,6.9,5.1,4.3,1
55,0.8285714285714283,-2.007366856493386,6.6,6.9,4.4,5.4,7.8,5.9,7.2,4.9,4.5,1
1110,0.4857142857142856,0.42472127253200825,5.3,5.5,5.0,4.9,6.0,6.8,5.7,4.4,3.7,1
892,0.34285714285714275,-0.5767267805960957,4.9,4.1,4.0,5.0,5.9,7.8,6.1,2.6,2.7,0
549,0.4285714285714286,1.4261693256601122,7.5,4.7,5.6,7.0,6.7,6.8,7.2,4.1,3.9,1
1194,0.11428571428571432,-0.14753475782690803,6.7,6.6,1.9,7.2,4.3,5.9,6.5,4.7,4.3,1
871,0.4571428571428571,1.0685093066857896,7.0,6.2,4.7,6.5,4.9,8.5,7.3,4.3,4.1,1
689,1.0,1.211573314275518,6.8,5.9,5.4,8.3,7.8,4.5,6.4,4.3,4.3,1
700,0.08571428571428563,1.0685093066857896,4.8,6.1,3.2,7.3,4.6,6.3,6.3,4.7,4.6,1
556,0.9428571428571428,-1.7212388413139283,7.7,7.0,5.6,5.7,8.2,6.3,7.4,5.5,4.9,1
418,0.2857142857142857,0.5677852801217369,3.3,3.2,3.1,6.1,2.9,5.6,5.0,3.1,2.5,0
577,0.5999999999999999,1.4977013294549766,5.3,3.7,4.2,5.4,4.5,3.8,6.7,3.7,3.5,0
410,0.31428571428571417,-1.2205148147498763,3.9,4.8,4.6,3.6,5.1,6.9,5.4,4.3,3.7,0
970,0.3999999999999999,-0.8628547957755536,5.9,4.2,3.4,4.7,4.8,7.2,5.7,4.0,2.8,0
105,0.2285714285714285,1.4261693256601122,7.4,4.8,4.0,5.9,4.8,4.9,5.9,3.2,3.8,0
300,0.08571428571428563,1.0685093066857896,4.8,6.1,3.2,7.3,4.6,6.3,6.3,4.7,4.6,1
419,0.3999999999999999,-0.21906676162177294,3.0,4.0,5.1,4.2,4.6,7.7,4.9,4.7,3.5,0
974,0.08571428571428563,0.13859325735254982,7.2,4.5,2.3,5.1,3.8,6.6,6.8,3.0,3.0,0
87,0.31428571428571417,-1.077450807160147,7.0,3.7,4.7,4.7,4.5,8.8,7.0,4.3,3.0,0
526,0.6571428571428571,-1.148982810955012,4.7,6.9,4.5,6.8,5.9,8.8,6.0,4.8,5.2,1
968,0.3999999999999999,-2.078898860288251,1.3,3.0,3.5,4.2,4.9,8.2,4.3,2.4,3.1,0
699,0.4857142857142856,-0.00447075023717878,4.3,5.8,4.4,6.9,5.8,4.7,5.2,4.1,4.3,1
292,0.3999999999999999,0.2101252611474141,3.9,6.2,5.8,4.9,5.0,9.0,5.2,4.7,4.5,1
1083,0.2857142857142857,0.5677852801217369,4.6,4.8,2.7,6.8,4.6,6.8,5.8,3.8,4.0,1
305,0.4571428571428571,0.353189268737144,6.7,5.0,4.5,4.7,5.9,6.7,5.1,2.7,3.6,1
1099,0.4857142857142856,-0.00447075023717878,4.3,5.8,4.4,6.9,5.8,4.7,5.2,4.1,4.3,1
262,0.31428571428571417,-1.2205148147498763,3.9,4.8,4.6,3.6,5.1,6.9,5.4,4.3,3.7,0
98,0.5999999999999999,1.4977013294549766,5.3,3.7,4.2,5.4,4.5,3.8,6.7,3.7,3.5,0
531,0.5428571428571427,1.211573314275518,6.2,7.3,2.9,7.7,5.5,7.7,6.1,5.2,4.9,1
655,0.31428571428571417,0.06706125355768552,6.1,5.7,5.5,4.6,4.7,8.7,5.9,4.7,4.2,0
1098,0.4285714285714286,1.4261693256601122,3.7,6.1,4.2,7.0,6.7,6.8,5.9,4.5,3.9,1
993,0.2857142857142857,0.5677852801217369,3.3,3.2,3.1,6.1,2.9,5.6,5.0,3.1,2.5,0
606,0.6571428571428571,-1.148982810955012,4.7,6.9,4.5,6.8,5.9,8.8,6.0,4.8,5.2,1
1073,0.2857142857142857,0.5677852801217369,6.1,4.3,3.5,6.1,2.9,5.6,6.1,3.1,2.5,0
365,0.4857142857142856,0.9254452990960595,5.7,5.5,2.4,8.4,4.8,7.1,6.7,4.5,4.2,1
1075,0.5142857142857142,-0.8628547957755536,5.2,3.9,3.0,5.4,6.8,8.4,6.2,2.5,3.5,0
820,0.31428571428571417,-1.077450807160147,7.0,3.7,4.7,4.7,4.5,8.8,7.0,4.3,3.0,0
983,0.4857142857142856,0.6393172839166025,3.8,5.1,4.3,4.7,4.8,5.8,5.0,4.4,2.9,0
958,0.4857142857142856,0.9254452990960595,4.6,5.3,4.2,8.4,4.8,7.1,6.2,4.4,4.2,1
588,0.34285714285714275,-0.5767267805960957,4.9,4.1,4.0,5.0,5.9,7.8,6.1,2.6,2.7,0
1010,0.05714285714285705,0.9969773028909252,2.6,7.2,2.2,7.2,4.5,6.2,6.4,6.7,4.5,1
423,0.4285714285714286,-0.8628547957755536,6.5,5.3,5.3,5.1,4.9,9.2,5.7,3.5,3.4,0
250,0.4857142857142856,0.6393172839166025,3.8,5.1,4.3,4.7,4.8,5.8,5.0,4.4,2.9,0
561,0.2857142857142857,0.5677852801217369,3.3,3.2,3.1,6.1,2.9,5.6,5.0,3.1,2.5,0
281,0.4857142857142856,0.42472127253200825,2.5,5.9,4.8,4.9,6.0,6.8,4.7,5.0,3.7,1
210,0.05714285714285705,0.9969773028909252,2.6,7.2,2.2,7.2,4.5,6.2,6.4,6.7,4.5,1
527,0.5428571428571427,-1.4351108261344698,5.5,7.2,3.5,6.4,5.5,8.4,6.2,5.7,4.8,1
491,0.34285714285714275,-0.5767267805960957,4.9,4.1,4.0,5.0,5.9,7.8,6.1,2.6,2.7,0
234,0.11428571428571432,-0.14753475782690803,6.7,6.6,1.9,7.2,4.3,5.9,6.5,4.7,4.3,1
1042,0.3999999999999999,-1.5066428299293348,5.1,6.7,3.7,5.9,5.8,9.3,5.9,4.4,4.6,0
304,0.17142857142857135,1.4261693256601122,7.2,6.9,2.6,5.8,3.5,5.4,6.2,5.6,4.0,1
65,0.4571428571428571,0.353189268737144,6.7,5.0,4.5,4.7,5.9,6.7,5.1,2.7,3.6,1
188,0.3999999999999999,0.8539132953011953,5.5,5.4,4.2,6.2,4.6,8.3,6.5,4.6,3.9,0
354,0.5999999999999999,1.4977013294549766,7.1,6.3,2.9,5.4,4.5,3.8,6.7,5.0,3.5,0
216,0.5428571428571427,-1.4351108261344698,5.7,5.9,5.8,6.4,5.5,8.4,6.4,5.2,4.8,1
865,0.4571428571428571,0.353189268737144,6.7,5.0,4.5,4.7,5.9,6.7,5.1,2.7,3.6,1
925,0.4857142857142856,0.9254452990960595,5.7,5.5,2.4,8.4,4.8,7.1,6.7,4.5,4.2,1
875,0.11428571428571432,-0.14753475782690803,8.0,6.7,3.5,7.2,4.3,5.9,6.9,5.1,4.3,1
95,0.2857142857142857,-1.077450807160147,6.7,3.6,2.2,2.9,5.0,8.4,7.3,2.0,1.6,0
476,0.9428571428571428,-1.7212388413139283,7.7,7.0,5.6,5.7,8.2,6.3,7.4,5.5,4.9,1
1104,0.17142857142857135,1.4261693256601122,7.2,6.9,2.6,5.8,3.5,5.4,6.2,5.6,4.0,1
525,0.4857142857142856,0.9254452990960595,5.7,5.5,2.4,8.4,4.8,7.1,6.7,4.5,4.2,1
413,0.7714285714285716,-0.0760027540320437,5.8,5.3,5.2,5.3,7.1,7.9,6.0,4.3,3.9,0
59,0.4857142857142856,-0.00447075023717878,4.3,5.8,4.4,6.9,5.8,4.7,5.2,4.1,4.3,1
630,0.4857142857142856,0.42472127253200825,5.3,5.5,5.0,4.9,6.0,6.8,5.7,4.4,3.7,1
518,0.3714285714285713,-0.2905987654166373,3.8,3.5,2.9,4.1,4.5,7.6,5.1,4.0,3.4,0
644,0.34285714285714275,-0.7197907881858243,5.7,4.4,3.3,6.4,4.7,5.2,6.4,3.2,3.3,0
233,0.2857142857142857,0.5677852801217369,6.4,4.9,2.4,6.8,4.6,6.8,6.3,4.3,4.0,1
790,0.4857142857142856,0.42472127253200825,5.3,5.5,5.0,4.9,6.0,6.8,5.7,4.4,3.7,1
469,0.4285714285714286,1.4261693256601122,7.5,4.7,5.6,7.0,6.7,6.8,7.2,4.1,3.9,1
635,0.11428571428571432,-0.14753475782690803,8.0,6.7,3.5,7.2,4.3,5.9,6.9,5.1,4.3,1
923,0.2857142857142857,0.5677852801217369,4.6,4.8,2.7,6.8,4.6,6.8,5.8,3.8,4.0,1
1187,0.6571428571428571,0.8539132953011953,6.1,5.9,6.3,5.3,7.1,8.4,7.1,5.4,4.4,1
238,0.4857142857142856,0.9254452990960595,4.6,5.3,4.2,8.4,4.8,7.1,6.2,4.4,4.2,1
307,0.6571428571428571,0.8539132953011953,6.1,5.9,6.3,5.3,7.1,8.4,7.1,5.4,4.4,1
366,0.6571428571428571,-1.148982810955012,4.7,6.9,4.5,6.8,5.9,8.8,6.0,4.8,5.2,1
815,0.08571428571428563,0.06706125355768552,4.7,7.1,3.6,7.7,3.0,5.2,5.1,4.3,4.7,0
516,0.2285714285714285,1.4261693256601122,7.4,4.8,4.0,5.9,4.8,4.9,5.9,3.2,3.8,0
296,0.5428571428571427,-1.4351108261344698,5.7,5.9,5.8,6.4,5.5,8.4,6.4,5.2,4.8,1
1165,0.4857142857142856,0.9254452990960595,5.7,5.5,2.4,8.4,4.8,7.1,6.7,4.5,4.2,1
1063,0.3714285714285713,-0.2905987654166373,4.1,4.5,3.5,4.1,4.5,7.6,4.9,3.4,3.4,0
213,0.4571428571428571,1.0685093066857896,4.7,5.4,3.8,6.5,4.9,8.5,4.9,4.1,4.1,1
904,0.7714285714285716,-0.0760027540320437,5.8,5.3,5.2,5.3,7.1,7.9,6.0,4.3,3.9,0
769,1.0,1.211573314275518,6.8,5.9,5.4,8.3,7.8,4.5,6.4,4.3,4.3,1
1130,0.31428571428571417,0.06706125355768552,6.1,5.7,5.5,4.6,4.7,8.7,5.9,4.7,4.2,0
1153,0.17142857142857135,-1.0059188033652828,3.1,4.1,4.0,4.3,3.7,8.5,5.1,3.6,3.3,0
1195,0.11428571428571432,-0.14753475782690803,8.0,6.7,3.5,7.2,4.3,5.9,6.9,5.1,4.3,1
94,0.3999999999999999,-1.077450807160147,6.6,6.1,4.0,3.9,5.3,7.1,6.1,5.6,3.9,0
27,0.3999999999999999,-2.078898860288251,1.3,3.0,3.5,4.2,4.9,8.2,4.3,2.4,3.1,0
792,0.3714285714285713,0.9969773028909252,6.3,7.6,5.5,7.5,5.9,4.6,6.6,5.2,4.6,1
82,0.3999999999999999,-0.21906676162177294,3.0,4.0,5.1,4.2,4.6,7.7,4.9,4.7,3.5,0
1069,0.4285714285714286,-1.7212388413139283,4.7,5.4,4.3,5.3,4.9,6.0,5.6,4.5,4.3,0
133,0.4571428571428571,1.0685093066857896,4.7,5.4,3.8,6.5,4.9,8.5,4.9,4.1,4.1,1
104,0.31428571428571417,-0.64825878439096,5.4,5.5,2.6,4.8,4.2,9.0,6.5,4.3,3.7,0
257,0.34285714285714275,0.7823812915063311,5.2,4.6,2.2,6.0,4.5,6.8,6.1,4.5,3.5,0
209,1.0,1.211573314275518,6.8,5.9,5.4,8.3,7.8,4.5,6.4,4.3,4.3,1
1198,0.4857142857142856,0.9254452990960595,4.6,5.3,4.2,8.4,4.8,7.1,6.2,4.4,4.2,1
1179,0.4857142857142856,-0.00447075023717878,4.3,5.8,4.4,6.9,5.8,4.7,5.2,4.1,4.3,1
985,0.34285714285714275,0.2816572649422797,3.3,5.5,3.1,4.6,5.2,9.1,4.1,4.6,3.9,0
442,0.34285714285714275,0.9254452990960595,5.6,5.6,5.4,7.4,5.8,4.5,6.2,5.4,4.5,1
110,0.3999999999999999,-0.21906676162177294,7.6,4.6,4.7,4.6,5.0,7.4,8.1,4.5,3.9,0
849,1.0,1.211573314275518,6.8,5.9,5.4,8.3,7.8,4.5,6.4,4.3,4.3,1
893,0.31428571428571417,-1.2205148147498763,3.9,4.8,4.6,3.6,5.1,6.9,5.4,4.3,3.7,0
320,0.4571428571428571,0.9969773028909252,4.0,4.6,4.7,6.4,5.5,7.4,5.3,3.6,3.4,1
1166,0.6571428571428571,-1.148982810955012,4.7,6.9,4.5,6.8,5.9,8.8,6.0,4.8,5.2,1
799,0.3714285714285713,0.9969773028909252,5.4,7.8,4.6,7.5,5.9,4.6,6.4,4.8,4.6,1
1120,0.4571428571428571,0.9969773028909252,4.0,4.6,4.7,6.4,5.5,7.4,5.3,3.6,3.4,1
584,0.7428571428571427,0.4962532763268726,5.6,5.3,2.3,6.0,5.7,6.7,5.8,4.9,3.6,0
812,0.3999999999999999,-0.21906676162177294,7.6,4.6,4.7,4.6,5.0,7.4,8.1,4.5,3.9,0
776,0.5428571428571427,-1.4351108261344698,5.7,5.9,5.8,6.4,5.5,8.4,6.4,5.2,4.8,1
754,0.2857142857142857,0.5677852801217369,8.4,6.1,2.8,7.8,3.8,4.9,7.2,5.4,4.5,0
618,0.4285714285714286,1.4261693256601122,3.7,6.1,4.2,7.0,6.7,6.8,5.9,4.5,3.9,1
362,0.34285714285714275,0.9254452990960595,5.6,5.6,5.4,7.4,5.8,4.5,6.2,5.4,4.5,1
695,0.8285714285714283,-2.007366856493386,6.6,6.9,4.4,5.4,7.8,5.9,7.2,4.9,4.5,1
617,0.4571428571428571,-1.578174833724199,6.8,7.5,5.7,5.7,6.0,8.2,6.6,6.5,5.2,1
608,0.6571428571428571,0.8539132953011953,3.6,6.4,5.3,5.3,7.1,8.4,5.8,4.5,4.4,1
1031,0.4571428571428571,1.0685093066857896,7.0,6.2,4.7,6.5,4.9,8.5,7.3,4.3,4.1,1
26,0.31428571428571417,0.06706125355768552,6.1,5.7,5.5,4.6,4.7,8.7,5.9,4.7,4.2,0
872,0.3714285714285713,0.9969773028909252,6.3,7.6,5.5,7.5,5.9,4.6,6.6,5.2,4.6,1
321,0.2857142857142857,0.5677852801217369,6.1,4.3,3.5,6.1,2.9,5.6,6.1,3.1,2.5,0
1058,0.2857142857142857,-1.077450807160147,6.7,3.6,2.2,2.9,5.0,8.4,7.3,2.0,1.6,0
23,0.7714285714285716,-1.2920468185447411,6.3,3.9,4.4,3.9,6.4,8.2,5.8,3.0,3.2,0
141,0.4571428571428571,0.9969773028909252,7.3,5.7,3.7,6.4,5.5,7.4,6.6,4.1,3.4,1
1139,0.2285714285714285,1.4261693256601122,6.8,5.0,5.4,5.9,4.8,4.9,7.3,3.1,3.8,0
941,0.4571428571428571,0.9969773028909252,7.3,5.7,3.7,6.4,5.5,7.4,6.6,4.1,3.4,1
279,0.3999999999999999,-0.9343867995704184,5.8,4.1,4.9,4.7,4.8,7.2,6.5,3.5,2.8,0
972,0.5142857142857142,-1.578174833724199,6.7,6.0,3.3,5.5,5.1,6.2,6.7,4.2,4.5,0
1054,0.6571428571428571,-1.077450807160147,5.1,6.1,4.7,5.7,5.7,8.4,5.4,4.1,4.4,0
148,0.5999999999999999,-1.0059188033652828,2.7,6.6,6.5,6.3,6.0,8.7,4.7,4.6,4.6,1
1066,0.31428571428571417,-0.64825878439096,5.4,5.5,2.6,4.8,4.2,9.0,6.5,4.3,3.7,0
218,0.4285714285714286,1.4261693256601122,3.7,6.1,4.2,7.0,6.7,6.8,5.9,4.5,3.9,1
898,0.3999999999999999,-1.077450807160147,6.6,6.1,4.0,3.9,5.3,7.1,6.1,5.6,3.9,0
891,0.3999999999999999,-2.078898860288251,1.3,3.0,3.5,4.2,4.9,8.2,4.3,2.4,3.1,0
770,0.05714285714285705,0.9969773028909252,2.6,7.2,2.2,7.2,4.5,6.2,6.4,6.7,4.5,1
287,0.5428571428571427,-1.4351108261344698,5.5,7.2,3.5,6.4,5.5,8.4,6.2,5.7,4.8,1
46,0.6571428571428571,-1.148982810955012,4.7,6.9,4.5,6.8,5.9,8.8,6.0,4.8,5.2,1
794,0.11428571428571432,-0.14753475782690803,6.7,6.6,1.9,7.2,4.3,5.9,6.5,4.7,4.3,1
1133,0.3999999999999999,0.4962532763268726,7.4,5.1,3.5,7.3,4.7,3.7,6.7,4.8,4.0,0
806,0.0,-0.14753475782690803,6.3,4.5,2.4,4.7,3.4,6.2,6.0,3.3,2.6,0
513,0.3999999999999999,0.4962532763268726,7.4,5.1,3.5,7.3,4.7,3.7,6.7,4.8,4.0,0
1124,0.3999999999999999,0.8539132953011953,5.5,5.4,4.2,6.2,4.6,8.3,6.5,4.6,3.9,0
208,0.6571428571428571,0.8539132953011953,3.6,6.4,5.3,5.3,7.1,8.4,5.8,4.5,4.4,1
800,0.4571428571428571,0.9969773028909252,4.0,4.6,4.7,6.4,5.5,7.4,5.3,3.6,3.4,1
135,0.8285714285714283,-2.007366856493386,6.6,6.9,4.4,5.4,7.8,5.9,7.2,4.9,4.5,1
1052,0.31428571428571417,0.06706125355768552,3.8,5.8,3.2,4.6,4.7,8.7,5.3,4.9,4.2,0
757,0.3999999999999999,-1.077450807160147,2.7,5.3,3.9,3.9,5.3,7.1,5.2,4.7,3.9,0
1,0.7714285714285716,-1.2920468185447411,3.0,4.8,5.1,3.9,6.4,8.2,5.1,4.5,3.2,0
448,0.6571428571428571,0.8539132953011953,3.6,6.4,5.3,5.3,7.1,8.4,5.8,4.5,4.4,1
671,0.2285714285714285,1.4261693256601122,6.8,5.0,5.4,5.9,4.8,4.9,7.3,3.1,3.8,0
156,0.9428571428571428,-1.7212388413139283,7.7,7.0,5.6,5.7,8.2,6.3,7.4,5.5,4.9,1
1009,1.0,1.211573314275518,6.8,5.9,5.4,8.3,7.8,4.5,6.4,4.3,4.3,1
212,0.3999999999999999,0.2101252611474141,3.9,6.2,5.8,4.9,5.0,9.0,5.2,4.7,4.5,1
956,0.9428571428571428,-1.7212388413139283,7.7,7.0,5.6,5.7,8.2,6.3,7.4,5.5,4.9,1
171,0.34285714285714275,-0.7197907881858243,8.5,4.3,4.5,6.4,4.7,5.2,7.7,3.7,3.3,0
590,0.2,0.4962532763268726,5.8,3.9,2.9,5.6,4.0,6.3,6.1,2.7,3.0,0
1079,0.31428571428571417,0.06706125355768552,6.1,5.7,5.5,4.6,4.7,8.7,5.9,4.7,4.2,0
681,0.4857142857142856,0.42472127253200825,2.5,5.9,4.8,4.9,6.0,6.8,4.7,5.0,3.7,1
38,0.2285714285714285,1.4261693256601122,6.8,5.0,5.4,5.9,4.8,4.9,7.3,3.1,3.8,0
713,0.2857142857142857,0.5677852801217369,6.4,4.9,2.4,6.8,4.6,6.8,6.3,4.3,4.0,1
1156,0.31428571428571417,0.06706125355768552,3.8,5.8,3.2,4.6,4.7,8.7,5.3,4.9,4.2,0
1091,0.5428571428571427,1.211573314275518,6.2,7.3,2.9,7.7,5.5,7.7,6.1,5.2,4.9,1
229,0.4285714285714286,1.4261693256601122,7.5,4.7,5.6,7.0,6.7,6.8,7.2,4.1,3.9,1
461,0.4571428571428571,0.9969773028909252,7.3,5.7,3.7,6.4,5.5,7.4,6.6,4.1,3.4,1
1003,0.2857142857142857,0.5677852801217369,4.6,4.8,2.7,6.8,4.6,6.8,5.8,3.8,4.0,1
21,0.2857142857142857,0.5677852801217369,4.0,6.8,3.2,7.8,3.8,4.9,6.1,4.3,4.5,0
759,0.2285714285714285,0.42472127253200825,5.7,6.0,2.3,7.6,3.7,4.8,5.8,5.7,4.4,0
85,0.7714285714285716,-1.2920468185447411,6.3,3.9,4.4,3.9,6.4,8.2,5.8,3.0,3.2,0
943,0.3999999999999999,-0.21906676162177294,5.2,5.8,5.6,6.6,5.4,4.4,6.7,4.6,4.0,1
864,0.17142857142857135,1.4261693256601122,7.2,6.9,2.6,5.8,3.5,5.4,6.2,5.6,4.0,1
54,0.8285714285714283,0.9969773028909252,4.6,6.8,5.8,6.6,6.3,7.4,5.1,4.6,4.3,1
917,0.1428571428571429,0.2101252611474141,3.7,7.4,2.7,7.9,3.1,5.3,5.3,4.5,4.9,0
331,0.5428571428571427,-1.3635788223396057,5.3,4.7,3.5,5.3,5.3,8.0,6.5,4.7,4.0,0
542,0.8285714285714283,-0.3621307692115016,4.8,7.7,4.5,7.2,6.9,9.6,6.4,5.7,5.5,1
220,0.08571428571428563,1.0685093066857896,4.8,6.1,3.2,7.3,4.6,6.3,6.3,4.7,4.6,1
673,0.6571428571428571,-1.077450807160147,5.1,6.1,4.7,5.7,5.7,8.4,5.4,4.1,4.4,0
16,0.31428571428571417,-1.2205148147498763,3.9,4.8,4.6,3.6,5.1,6.9,5.4,4.3,3.7,0
562,0.7714285714285716,-1.2920468185447411,6.3,3.9,4.4,3.9,6.4,8.2,5.8,3.0,3.2,0
602,0.34285714285714275,0.9254452990960595,5.6,5.6,5.4,7.4,5.8,4.5,6.2,5.4,4.5,1
890,0.4285714285714286,-1.7212388413139283,4.7,5.4,4.3,5.3,4.9,6.0,5.6,4.5,4.3,0
982,0.2857142857142857,0.5677852801217369,8.4,6.1,2.8,7.8,3.8,4.9,7.2,5.4,4.5,0
56,0.5428571428571427,-1.4351108261344698,5.7,5.9,5.8,6.4,5.5,8.4,6.4,5.2,4.8,1
1185,0.4571428571428571,0.353189268737144,6.7,5.0,4.5,4.7,5.9,6.7,5.1,2.7,3.6,1
1178,0.4285714285714286,1.4261693256601122,3.7,6.1,4.2,7.0,6.7,6.8,5.9,4.5,3.9,1
136,0.5428571428571427,-1.4351108261344698,5.7,5.9,5.8,6.4,5.5,8.4,6.4,5.2,4.8,1
621,0.4571428571428571,0.9969773028909252,7.3,5.7,3.7,6.4,5.5,7.4,6.6,4.1,3.4,1
373,0.4571428571428571,1.0685093066857896,4.7,5.4,3.8,6.5,4.9,8.5,4.9,4.1,4.1,1
215,0.8285714285714283,-2.007366856493386,6.6,6.9,4.4,5.4,7.8,5.9,7.2,4.9,4.5,1
945,0.4571428571428571,0.353189268737144,6.7,5.0,4.5,4.7,5.9,6.7,5.1,2.7,3.6,1
226,0.4571428571428571,-1.578174833724199,3.5,6.7,5.4,5.7,6.0,8.2,5.4,4.7,5.2,1
121,0.4857142857142856,0.42472127253200825,2.5,5.9,4.8,4.9,6.0,6.8,4.7,5.0,3.7,1
684,0.9714285714285712,1.1400413104806535,4.6,6.9,5.0,6.9,6.6,7.6,6.5,5.1,4.4,1
177,0.3999999999999999,-1.077450807160147,6.6,6.1,4.0,3.9,5.3,7.1,6.1,5.6,3.9,0
374,0.8285714285714283,0.9969773028909252,4.6,6.8,5.8,6.6,6.3,7.4,5.1,4.6,4.3,1
756,0.2,0.4962532763268726,5.8,3.9,2.9,5.6,4.0,6.3,6.1,2.7,3.0,0
345,0.7428571428571427,0.4962532763268726,5.6,5.3,2.3,6.0,5.7,6.7,5.8,4.9,3.6,0
369,1.0,1.211573314275518,6.8,5.9,5.4,8.3,7.8,4.5,6.4,4.3,4.3,1
407,0.7428571428571427,0.4962532763268726,5.6,5.3,2.3,6.0,5.7,6.7,5.8,4.9,3.6,0
515,0.5999999999999999,1.4977013294549766,7.1,6.3,2.9,5.4,4.5,3.8,6.7,5.0,3.5,0
1149,0.7714285714285716,-1.2920468185447411,6.3,3.9,4.4,3.9,6.4,8.2,5.8,3.0,3.2,0
276,0.2857142857142857,0.5677852801217369,4.0,6.8,3.2,7.8,3.8,4.9,6.1,4.3,4.5,0
219,0.4857142857142856,-0.00447075023717878,4.3,5.8,4.4,6.9,5.8,4.7,5.2,4.1,4.3,1
664,0.08571428571428563,0.06706125355768552,4.7,7.1,3.6,7.7,3.0,5.2,5.1,4.3,4.7,0
586,0.3714285714285713,-0.2905987654166373,4.1,4.5,3.5,4.1,4.5,7.6,4.9,3.4,3.4,0
884,0.2857142857142857,0.5677852801217369,4.0,6.8,3.2,7.8,3.8,4.9,6.1,4.3,4.5,0
646,0.2857142857142857,0.5677852801217369,6.1,4.3,3.5,6.1,2.9,5.6,6.1,3.1,2.5,0
564,0.2857142857142857,0.5677852801217369,8.4,6.1,2.8,7.8,3.8,4.9,7.2,5.4,4.5,0
1181,0.4571428571428571,0.9969773028909252,7.3,5.7,3.7,6.4,5.5,7.4,6.6,4.1,3.4,1
880,0.4571428571428571,0.9969773028909252,4.0,4.6,4.7,6.4,5.5,7.4,5.3,3.6,3.4,1
915,0.3714285714285713,-0.2905987654166373,3.8,3.5,2.9,4.1,4.5,7.6,5.1,4.0,3.4,0
717,0.4285714285714286,0.8539132953011953,7.0,4.1,4.4,6.3,5.4,7.3,7.5,4.4,3.3,1
367,0.5428571428571427,-1.4351108261344698,5.5,7.2,3.5,6.4,5.5,8.4,6.2,5.7,4.8,1
258,0.5142857142857142,-1.578174833724199,6.7,6.0,3.3,5.5,5.1,6.2,6.7,4.2,4.5,0
251,0.2285714285714285,-0.00447075023717878,4.4,5.1,5.9,4.2,4.8,9.7,5.7,3.4,3.5,0
551,0.4571428571428571,1.0685093066857896,7.0,6.2,4.7,6.5,4.9,8.5,7.3,4.3,4.1,1
517,0.2,0.4962532763268726,5.8,3.9,2.9,5.6,4.0,6.3,6.1,2.7,3.0,0
1081,0.4857142857142856,0.42472127253200825,2.5,5.9,4.8,4.9,6.0,6.8,4.7,5.0,3.7,1
1038,0.4857142857142856,0.9254452990960595,4.6,5.3,4.2,8.4,4.8,7.1,6.2,4.4,4.2,1
254,0.17142857142857135,-1.0059188033652828,3.1,4.1,4.0,4.3,3.7,8.5,5.1,3.6,3.3,0
742,0.2285714285714285,1.4261693256601122,6.8,5.0,5.4,5.9,4.8,4.9,7.3,3.1,3.8,0
686,0.6571428571428571,-1.148982810955012,4.7,6.9,4.5,6.8,5.9,8.8,6.0,4.8,5.2,1
598,0.34285714285714275,-0.3621307692115016,2.6,5.0,4.1,4.4,4.8,7.2,4.5,4.2,3.7,0
245,0.5142857142857142,-1.578174833724199,7.9,6.4,2.7,5.5,5.1,6.2,7.5,5.0,4.5,0
523,0.2857142857142857,0.5677852801217369,4.6,4.8,2.7,6.8,4.6,6.8,5.8,3.8,4.0,1
400,0.4571428571428571,0.9969773028909252,4.0,4.6,4.7,6.4,5.5,7.4,5.3,3.6,3.4,1
545,0.4571428571428571,0.353189268737144,6.7,5.0,4.5,4.7,5.9,6.7,5.1,2.7,3.6,1
825,0.3999999999999999,-1.077450807160147,6.6,6.1,4.0,3.9,5.3,7.1,6.1,5.6,3.9,0
1055,0.4285714285714286,-0.8628547957755536,6.5,5.3,5.3,5.1,4.9,9.2,5.7,3.5,3.4,0
114,0.2285714285714285,-0.00447075023717878,4.4,5.1,5.9,4.2,4.8,9.7,5.7,3.4,3.5,0
852,0.3999999999999999,0.2101252611474141,3.9,6.2,5.8,4.9,5.0,9.0,5.2,4.7,4.5,1
328,0.2857142857142857,-0.8628547957755536,3.0,3.7,4.8,6.3,4.5,5.0,5.2,2.9,3.1,0
963,0.31428571428571417,0.06706125355768552,3.8,5.8,3.2,4.6,4.7,8.7,5.3,4.9,4.2,0
194,0.34285714285714275,-0.5767267805960957,4.9,4.1,4.0,5.0,5.9,7.8,6.1,2.6,2.7,0
162,0.34285714285714275,0.2816572649422797,3.3,5.5,3.1,4.6,5.2,9.1,4.1,4.6,3.9,0
978,0.2,0.4962532763268726,5.8,3.9,2.9,5.6,4.0,6.3,6.1,2.7,3.0,0
1192,0.3714285714285713,0.9969773028909252,6.3,7.6,5.5,7.5,5.9,4.6,6.6,5.2,4.6,1
206,0.6571428571428571,-1.148982810955012,4.7,6.9,4.5,6.8,5.9,8.8,6.0,4.8,5.2,1
554,0.11428571428571432,-0.14753475782690803,6.7,6.6,1.9,7.2,4.3,5.9,6.5,4.7,4.3,1
510,0.08571428571428563,0.13859325735254982,7.2,4.5,2.3,5.1,3.8,6.6,6.8,3.0,3.0,0
728,0.3999999999999999,0.4962532763268726,7.4,5.1,3.5,7.3,4.7,3.7,6.7,4.8,4.0,0
164,0.34285714285714275,-1.649706837519064,5.1,6.4,3.7,5.7,5.6,9.1,5.4,5.0,4.5,0
84,0.5142857142857142,-1.578174833724199,6.7,6.0,3.3,5.5,5.1,6.2,6.7,4.2,4.5,0
738,0.3714285714285713,-0.2905987654166373,4.1,4.5,3.5,4.1,4.5,7.6,4.9,3.4,3.4,0
316,0.9428571428571428,-1.7212388413139283,7.7,7.0,5.6,5.7,8.2,6.3,7.4,5.5,4.9,1
965,0.34285714285714275,-0.7197907881858243,8.5,4.3,4.5,6.4,4.7,5.2,7.7,3.7,3.3,0
332,0.4285714285714286,-0.7197907881858243,5.0,2.6,2.1,2.3,5.4,8.9,4.8,2.1,2.0,0
620,0.08571428571428563,1.0685093066857896,4.8,6.1,3.2,7.3,4.6,6.3,6.3,4.7,4.6,1
645,0.34285714285714275,-0.7197907881858243,8.5,4.3,4.5,6.4,4.7,5.2,7.7,3.7,3.3,0
851,0.5428571428571427,1.211573314275518,6.2,7.3,2.9,7.7,5.5,7.7,6.1,5.2,4.9,1
1150,0.34285714285714275,-0.7197907881858243,8.5,4.3,4.5,6.4,4.7,5.2,7.7,3.7,3.3,0
1076,0.1428571428571429,0.2101252611474141,3.7,7.4,2.7,7.9,3.1,5.3,5.3,4.5,4.9,0
936,0.5428571428571427,-1.4351108261344698,5.7,5.9,5.8,6.4,5.5,8.4,6.4,5.2,4.8,1
1025,0.4571428571428571,0.353189268737144,6.7,5.0,4.5,4.7,5.9,6.7,5.1,2.7,3.6,1
267,0.34285714285714275,-1.649706837519064,5.1,6.4,3.7,5.7,5.6,9.1,5.4,5.0,4.5,0
908,0.4857142857142856,0.6393172839166025,3.8,5.1,4.3,4.7,4.8,5.8,5.0,4.4,2.9,0
716,0.9428571428571428,-1.7212388413139283,7.7,7.0,5.6,5.7,8.2,6.3,7.4,5.5,4.9,1
962,0.2857142857142857,0.5677852801217369,4.0,6.8,3.2,7.8,3.8,4.9,6.1,4.3,4.5,0
294,0.8285714285714283,0.9969773028909252,4.6,6.8,5.8,6.6,6.3,7.4,5.1,4.6,4.3,1
88,0.4285714285714286,-1.7212388413139283,4.7,5.4,4.3,5.3,4.9,6.0,5.6,4.5,4.3,0
625,0.4571428571428571,0.353189268737144,6.7,5.0,4.5,4.7,5.9,6.7,5.1,2.7,3.6,1
860,0.08571428571428563,1.0685093066857896,4.8,6.1,3.2,7.3,4.6,6.3,6.3,4.7,4.6,1
1157,0.3999999999999999,-1.077450807160147,6.6,6.1,4.0,3.9,5.3,7.1,6.1,5.6,3.9,0
626,0.4571428571428571,-1.578174833724199,3.5,6.7,5.4,5.7,6.0,8.2,5.4,4.7,5.2,1
89,0.08571428571428563,0.13859325735254982,7.2,4.5,2.3,5.1,3.8,6.6,6.8,3.0,3.0,0
1086,0.6571428571428571,-1.148982810955012,4.7,6.9,4.5,6.8,5.9,8.8,6.0,4.8,5.2,1
334,0.31428571428571417,-1.2205148147498763,3.9,4.8,4.6,3.6,5.1,6.9,5.4,4.3,3.7,0
951,0.4571428571428571,1.0685093066857896,7.0,6.2,4.7,6.5,4.9,8.5,7.3,4.3,4.1,1
1152,0.1428571428571429,0.2101252611474141,5.1,7.2,3.4,7.9,3.1,5.3,5.5,3.9,4.9,0
774,0.8285714285714283,0.9969773028909252,4.6,6.8,5.8,6.6,6.3,7.4,5.1,4.6,4.3,1
563,0.4285714285714286,-0.7197907881858243,5.0,2.6,2.1,2.3,5.4,8.9,4.8,2.1,2.0,0
79,0.3714285714285713,0.9969773028909252,5.4,7.8,4.6,7.5,5.9,4.6,6.4,4.8,4.6,1
1027,0.6571428571428571,0.8539132953011953,6.1,5.9,6.3,5.3,7.1,8.4,7.1,5.4,4.4,1
1046,0.34285714285714275,-0.7197907881858243,5.7,4.4,3.3,6.4,4.7,5.2,6.4,3.2,3.3,0
408,0.1428571428571429,0.2101252611474141,5.1,7.2,3.4,7.9,3.1,5.3,5.5,3.9,4.9,0
131,0.5428571428571427,1.211573314275518,6.2,7.3,2.9,7.7,5.5,7.7,6.1,5.2,4.9,1
255,0.3999999999999999,-0.8628547957755536,5.9,4.2,3.4,4.7,4.8,7.2,5.7,4.0,2.8,0
706,0.4571428571428571,-1.578174833724199,3.5,6.7,5.4,5.7,6.0,8.2,5.4,4.7,5.2,1
652,0.5714285714285714,-0.5767267805960957,4.1,2.6,2.1,3.3,4.5,9.9,5.5,2.0,2.4,0
435,0.5999999999999999,1.4977013294549766,5.3,3.7,4.2,5.4,4.5,3.8,6.7,3.7,3.5,0
946,0.4571428571428571,-1.578174833724199,3.5,6.7,5.4,5.7,6.0,8.2,5.4,4.7,5.2,1
855,0.8285714285714283,-2.007366856493386,6.6,6.9,4.4,5.4,7.8,5.9,7.2,4.9,4.5,1
579,0.0,-0.14753475782690803,6.3,4.5,2.4,4.7,3.4,6.2,6.0,3.3,2.6,0
1117,0.4285714285714286,0.8539132953011953,7.0,4.1,4.4,6.3,5.4,7.3,7.5,4.4,3.3,1
190,0.34285714285714275,0.7823812915063311,5.2,4.6,2.2,6.0,4.5,6.8,6.1,4.5,3.5,0
535,0.8285714285714283,-2.007366856493386,6.6,6.9,4.4,5.4,7.8,5.9,7.2,4.9,4.5,1
298,0.4285714285714286,1.4261693256601122,3.7,6.1,4.2,7.0,6.7,6.8,5.9,4.5,3.9,1
1018,0.4285714285714286,1.4261693256601122,3.7,6.1,4.2,7.0,6.7,6.8,5.9,4.5,3.9,1
927,0.5428571428571427,-1.4351108261344698,5.5,7.2,3.5,6.4,5.5,8.4,6.2,5.7,4.8,1
139,0.4857142857142856,-0.00447075023717878,4.3,5.8,4.4,6.9,5.8,4.7,5.2,4.1,4.3,1
402,0.31428571428571417,0.06706125355768552,3.8,5.8,3.2,4.6,4.7,8.7,5.3,4.9,4.2,0
674,0.5999999999999999,1.4977013294549766,5.3,3.7,4.2,5.4,4.5,3.8,6.7,3.7,3.5,0
719,0.3714285714285713,0.9969773028909252,5.4,7.8,4.6,7.5,5.9,4.6,6.4,4.8,4.6,1
172,0.2285714285714285,0.42472127253200825,7.2,5.8,4.1,7.6,3.7,4.8,6.9,5.3,4.4,0
1109,0.4285714285714286,1.4261693256601122,7.5,4.7,5.6,7.0,6.7,6.8,7.2,4.1,3.9,1
145,0.4571428571428571,0.353189268737144,6.7,5.0,4.5,4.7,5.9,6.7,5.1,2.7,3.6,1
569,0.4285714285714286,-1.7212388413139283,4.7,5.4,4.3,5.3,4.9,6.0,5.6,4.5,4.3,0
594,0.2857142857142857,0.5677852801217369,6.1,4.3,3.5,6.1,2.9,5.6,6.1,3.1,2.5,0
711,0.4571428571428571,1.0685093066857896,7.0,6.2,4.7,6.5,4.9,8.5,7.3,4.3,4.1,1
693,0.4571428571428571,1.0685093066857896,4.7,5.4,3.8,6.5,4.9,8.5,4.9,4.1,4.1,1
748,0.3999999999999999,-2.078898860288251,1.3,3.0,3.5,4.2,4.9,8.2,4.3,2.4,3.1,0
905,0.2285714285714285,0.42472127253200825,7.2,5.8,4.1,7.6,3.7,4.8,6.9,5.3,4.4,0
913,0.5142857142857142,-1.578174833724199,6.7,6.0,3.3,5.5,5.1,6.2,6.7,4.2,4.5,0
540,0.08571428571428563,1.0685093066857896,4.8,6.1,3.2,7.3,4.6,6.3,6.3,4.7,4.6,1
186,0.3999999999999999,0.4962532763268726,7.4,5.1,3.5,7.3,4.7,3.7,6.7,4.8,4.0,0
1026,0.4571428571428571,-1.578174833724199,3.5,6.7,5.4,5.7,6.0,8.2,5.4,4.7,5.2,1
330,0.34285714285714275,-0.5767267805960957,4.9,4.1,4.0,5.0,5.9,7.8,6.1,2.6,2.7,0
497,0.34285714285714275,-0.3621307692115016,2.6,5.0,4.1,4.4,4.8,7.2,4.5,4.2,3.7,0
900,0.5428571428571427,-1.3635788223396057,5.3,4.7,3.5,5.3,5.3,8.0,6.5,4.7,4.0,0
64,0.17142857142857135,1.4261693256601122,7.2,6.9,2.6,5.8,3.5,5.4,6.2,5.6,4.0,1
753,0.2857142857142857,-1.077450807160147,6.7,3.6,2.2,2.9,5.0,8.4,7.3,2.0,1.6,0
501,0.3999999999999999,-1.5066428299293348,5.1,6.7,3.7,5.9,5.8,9.3,5.9,4.4,4.6,0
896,0.31428571428571417,0.06706125355768552,3.8,5.8,3.2,4.6,4.7,8.7,5.3,4.9,4.2,0
843,0.2857142857142857,0.5677852801217369,4.6,4.8,2.7,6.8,4.6,6.8,5.8,3.8,4.0,1
240,0.4571428571428571,0.9969773028909252,4.0,4.6,4.7,6.4,5.5,7.4,5.3,3.6,3.4,1
214,0.8285714285714283,0.9969773028909252,4.6,6.8,5.8,6.6,6.3,7.4,5.1,4.6,4.3,1
1068,0.3999999999999999,-0.8628547957755536,5.9,4.2,3.4,4.7,4.8,7.2,5.7,4.0,2.8,0
91,0.31428571428571417,0.06706125355768552,6.1,5.7,5.5,4.6,4.7,8.7,5.9,4.7,4.2,0
654,0.17142857142857135,-1.0059188033652828,3.1,4.1,4.0,4.3,3.7,8.5,5.1,3.6,3.3,0
37,0.2857142857142857,0.5677852801217369,6.1,4.3,3.5,6.1,2.9,5.6,6.1,3.1,2.5,0
111,0.34285714285714275,-0.7197907881858243,5.7,4.4,3.3,6.4,4.7,5.2,6.4,3.2,3.3,0
528,0.6571428571428571,0.8539132953011953,3.6,6.4,5.3,5.3,7.1,8.4,5.8,4.5,4.4,1
609,1.0,1.211573314275518,6.8,5.9,5.4,8.3,7.8,4.5,6.4,4.3,4.3,1
670,0.4285714285714286,-0.7197907881858243,5.0,2.6,2.1,2.3,5.4,8.9,4.8,2.1,2.0,0
929,1.0,1.211573314275518,6.8,5.9,5.4,8.3,7.8,4.5,6.4,4.3,4.3,1
25,0.2857142857142857,0.5677852801217369,3.3,3.2,3.1,6.1,2.9,5.6,5.0,3.1,2.5,0
1188,0.5999999999999999,-1.0059188033652828,2.7,6.6,6.5,6.3,6.0,8.7,4.7,4.6,4.6,1
981,0.3999999999999999,0.8539132953011953,5.5,5.4,4.2,6.2,4.6,8.3,6.5,4.6,3.9,0
747,0.3999999999999999,-0.21906676162177294,3.0,4.0,5.1,4.2,4.6,7.7,4.9,4.7,3.5,0
508,0.3999999999999999,-0.8628547957755536,5.9,4.2,3.4,4.7,4.8,7.2,5.7,4.0,2.8,0
77,0.4285714285714286,0.8539132953011953,7.0,4.1,4.4,6.3,5.4,7.3,7.5,4.4,3.3,1
1072,0.7428571428571427,0.4962532763268726,5.6,5.3,2.3,6.0,5.7,6.7,5.8,4.9,3.6,0
1173,0.4571428571428571,1.0685093066857896,4.7,5.4,3.8,6.5,4.9,8.5,4.9,4.1,4.1,1
74,0.11428571428571432,-0.14753475782690803,6.7,6.6,1.9,7.2,4.3,5.9,6.5,4.7,4.3,1
801,0.4857142857142856,0.6393172839166025,3.8,5.1,4.3,4.7,4.8,5.8,5.0,4.4,2.9,0
303,0.3999999999999999,-0.21906676162177294,5.2,5.8,5.6,6.6,5.4,4.4,6.7,4.6,4.0,1
34,0.0,-0.14753475782690803,6.3,4.5,2.4,4.7,3.4,6.2,6.0,3.3,2.6,0
534,0.8285714285714283,0.9969773028909252,4.6,6.8,5.8,6.6,6.3,7.4,5.1,4.6,4.3,1
379,0.4857142857142856,-0.00447075023717878,4.3,5.8,4.4,6.9,5.8,4.7,5.2,4.1,4.3,1
919,0.2857142857142857,-0.8628547957755536,3.0,3.7,4.8,6.3,4.5,5.0,5.2,2.9,3.1,0
709,0.4285714285714286,1.4261693256601122,7.5,4.7,5.6,7.0,6.7,6.8,7.2,4.1,3.9,1
587,0.4571428571428571,-1.9358348526985216,7.1,5.2,3.9,4.3,5.0,8.4,7.1,3.3,3.3,0
696,0.5428571428571427,-1.4351108261344698,5.7,5.9,5.8,6.4,5.5,8.4,6.4,5.2,4.8,1
798,0.4857142857142856,0.9254452990960595,4.6,5.3,4.2,8.4,4.8,7.1,6.2,4.4,4.2,1
75,0.11428571428571432,-0.14753475782690803,8.0,6.7,3.5,7.2,4.3,5.9,6.9,5.1,4.3,1
371,0.5428571428571427,1.211573314275518,6.2,7.3,2.9,7.7,5.5,7.7,6.1,5.2,4.9,1
1174,0.8285714285714283,0.9969773028909252,4.6,6.8,5.8,6.6,6.3,7.4,5.1,4.6,4.3,1
511,0.08571428571428563,0.06706125355768552,4.7,7.1,3.6,7.7,3.0,5.2,5.1,4.3,4.7,0
253,0.5714285714285714,-0.5767267805960957,4.1,2.6,2.1,3.3,4.5,9.9,5.5,2.0,2.4,0
1087,0.5428571428571427,-1.4351108261344698,5.5,7.2,3.5,6.4,5.5,8.4,6.2,5.7,4.8,1
198,0.4285714285714286,-0.7197907881858243,5.0,2.6,2.1,2.3,5.4,8.9,4.8,2.1,2.0,0
19,0.5428571428571427,-1.3635788223396057,5.3,4.7,3.5,5.3,5.3,8.0,6.5,4.7,4.0,0
421,0.34285714285714275,-0.7197907881858243,5.7,4.4,3.3,6.4,4.7,5.2,6.4,3.2,3.3,0
456,0.5428571428571427,-1.4351108261344698,5.7,5.9,5.8,6.4,5.5,8.4,6.4,5.2,4.8,1
916,0.7428571428571427,0.4962532763268726,5.6,5.3,2.3,6.0,5.7,6.7,5.8,4.9,3.6,0
22,0.3999999999999999,-1.077450807160147,6.6,6.1,4.0,3.9,5.3,7.1,6.1,5.6,3.9,0
1056,0.2,0.4962532763268726,5.8,3.9,2.9,5.6,4.0,6.3,6.1,2.7,3.0,0
63,0.3999999999999999,-0.21906676162177294,5.2,5.8,5.6,6.6,5.4,4.4,6.7,4.6,4.0,1
4,0.2285714285714285,0.42472127253200825,5.7,6.0,2.3,7.6,3.7,4.8,5.8,5.7,4.4,0
200,0.2285714285714285,-0.00447075023717878,4.4,5.1,5.9,4.2,4.8,9.7,5.7,3.4,3.5,0
1182,0.8285714285714283,-0.3621307692115016,4.8,7.7,4.5,7.2,6.9,9.6,6.4,5.7,5.5,1
593,0.34285714285714275,0.2816572649422797,3.3,5.5,3.1,4.6,5.2,9.1,4.1,4.6,3.9,0
603,0.2857142857142857,0.5677852801217369,4.6,4.8,2.7,6.8,4.6,6.8,5.8,3.8,4.0,1
347,0.3999999999999999,0.8539132953011953,5.5,5.4,4.2,6.2,4.6,8.3,6.5,4.6,3.9,0
494,0.2285714285714285,1.4261693256601122,6.8,5.0,5.4,5.9,4.8,4.9,7.3,3.1,3.8,0
157,0.4285714285714286,0.8539132953011953,7.0,4.1,4.4,6.3,5.4,7.3,7.5,4.4,3.3,1
1154,0.2285714285714285,-0.00447075023717878,4.4,5.1,5.9,4.2,4.8,9.7,5.7,3.4,3.5,0
176,0.3714285714285713,-0.2905987654166373,4.1,4.5,3.5,4.1,4.5,7.6,4.9,3.4,3.4,0
822,0.31428571428571417,-1.2205148147498763,3.9,4.8,4.6,3.6,5.1,6.9,5.4,4.3,3.7,0
1067,0.0,-0.14753475782690803,6.3,4.5,2.4,4.7,3.4,6.2,6.0,3.3,2.6,0
615,0.8285714285714283,-2.007366856493386,6.6,6.9,4.4,5.4,7.8,5.9,7.2,4.9,4.5,1
163,0.2857142857142857,-0.8628547957755536,3.0,3.7,4.8,6.3,4.5,5.0,5.2,2.9,3.1,0
530,0.05714285714285705,0.9969773028909252,2.6,7.2,2.2,7.2,4.5,6.2,6.4,6.7,4.5,1
639,0.3714285714285713,0.9969773028909252,5.4,7.8,4.6,7.5,5.9,4.6,6.4,4.8,4.6,1
322,0.7714285714285716,-1.2920468185447411,6.3,3.9,4.4,3.9,6.4,8.2,5.8,3.0,3.2,0
663,0.34285714285714275,0.7823812915063311,5.2,4.6,2.2,6.0,4.5,6.8,6.1,4.5,3.5,0
661,0.7714285714285716,-1.2920468185447411,3.0,4.8,5.1,3.9,6.4,8.2,5.1,4.5,3.2,0
823,0.2285714285714285,0.42472127253200825,5.7,6.0,2.3,7.6,3.7,4.8,5.8,5.7,4.4,0
1106,0.4571428571428571,-1.578174833724199,3.5,6.7,5.4,5.7,6.0,8.2,5.4,4.7,5.2,1
202,0.34285714285714275,0.9254452990960595,5.6,5.6,5.4,7.4,5.8,4.5,6.2,5.4,4.5,1
244,0.2857142857142857,-1.077450807160147,6.7,3.6,2.2,2.9,5.0,8.4,7.3,2.0,1.6,0
784,0.17142857142857135,1.4261693256601122,7.2,6.9,2.6,5.8,3.5,5.4,6.2,5.6,4.0,1
78,0.4857142857142856,0.9254452990960595,4.6,5.3,4.2,8.4,4.8,7.1,6.2,4.4,4.2,1
484,0.2285714285714285,0.42472127253200825,5.7,6.0,2.3,7.6,3.7,4.8,5.8,5.7,4.4,0
768,0.6571428571428571,0.8539132953011953,3.6,6.4,5.3,5.3,7.1,8.4,5.8,4.5,4.4,1
479,0.3714285714285713,0.9969773028909252,5.4,7.8,4.6,7.5,5.9,4.6,6.4,4.8,4.6,1
1126,0.2285714285714285,1.4261693256601122,7.4,4.8,4.0,5.9,4.8,4.9,5.9,3.2,3.8,0
690,0.05714285714285705,0.9969773028909252,2.6,7.2,2.2,7.2,4.5,6.2,6.4,6.7,4.5,1
151,0.4571428571428571,1.0685093066857896,7.0,6.2,4.7,6.5,4.9,8.5,7.3,4.3,4.1,1
786,0.4571428571428571,-1.578174833724199,3.5,6.7,5.4,5.7,6.0,8.2,5.4,4.7,5.2,1
683,0.2857142857142857,0.5677852801217369,4.6,4.8,2.7,6.8,4.6,6.8,5.8,3.8,4.0,1
807,0.3714285714285713,-0.2905987654166373,4.1,4.5,3.5,4.1,4.5,7.6,4.9,3.4,3.4,0
433,0.34285714285714275,-0.7197907881858243,8.5,4.3,4.5,6.4,4.7,5.2,7.7,3.7,3.3,0
988,0.4571428571428571,-1.9358348526985216,7.1,5.2,3.9,4.3,5.0,8.4,7.1,3.3,3.3,0
604,0.9714285714285712,1.1400413104806535,4.6,6.9,5.0,6.9,6.6,7.6,6.5,5.1,4.4,1
191,0.3999999999999999,-0.21906676162177294,3.0,4.0,5.1,4.2,4.6,7.7,4.9,4.7,3.5,0
1180,0.08571428571428563,1.0685093066857896,4.8,6.1,3.2,7.3,4.6,6.3,6.3,4.7,4.6,1
808,0.17142857142857135,-1.0059188033652828,3.1,4.1,4.0,4.3,3.7,8.5,5.1,3.6,3.3,0
1145,0.5142857142857142,-0.8628547957755536,5.2,3.9,3.0,5.4,6.8,8.4,6.2,2.5,3.5,0
969,0.34285714285714275,-0.5767267805960957,4.9,4.1,4.0,5.0,5.9,7.8,6.1,2.6,2.7,0
7,0.2857142857142857,-0.8628547957755536,3.0,3.7,4.8,6.3,4.5,5.0,5.2,2.9,3.1,0
1060,0.34285714285714275,0.7823812915063311,5.9,4.6,3.9,6.0,4.5,6.8,6.4,3.9,3.5,0
994,0.34285714285714275,-0.3621307692115016,2.6,5.0,4.1,4.4,4.8,7.2,4.5,4.2,3.7,0
272,0.3999999999999999,-2.078898860288251,1.3,3.0,3.5,4.2,4.9,8.2,4.3,2.4,3.1,0
595,0.4285714285714286,-0.8628547957755536,6.5,5.3,5.3,5.1,4.9,9.2,5.7,3.5,3.4,0
538,0.4285714285714286,1.4261693256601122,3.7,6.1,4.2,7.0,6.7,6.8,5.9,4.5,3.9,1
552,0.3714285714285713,0.9969773028909252,6.3,7.6,5.5,7.5,5.9,4.6,6.6,5.2,4.6,1
995,0.34285714285714275,-1.649706837519064,5.1,6.4,3.7,5.7,5.6,9.1,5.4,5.0,4.5,0
520,0.3999999999999999,-1.077450807160147,2.7,5.3,3.9,3.9,5.3,7.1,5.2,4.7,3.9,0
392,0.3714285714285713,0.9969773028909252,6.3,7.6,5.5,7.5,5.9,4.6,6.6,5.2,4.6,1
862,0.8285714285714283,-0.3621307692115016,4.8,7.7,4.5,7.2,6.9,9.6,6.4,5.7,5.5,1
313,0.2857142857142857,0.5677852801217369,6.4,4.9,2.4,6.8,4.6,6.8,6.3,4.3,4.0,1
154,0.11428571428571432,-0.14753475782690803,6.7,6.6,1.9,7.2,4.3,5.9,6.5,4.7,4.3,1
627,0.6571428571428571,0.8539132953011953,6.1,5.9,6.3,5.3,7.1,8.4,7.1,5.4,4.4,1
921,0.4857142857142856,0.42472127253200825,2.5,5.9,4.8,4.9,6.0,6.8,4.7,5.0,3.7,1
739,0.7714285714285716,-1.2920468185447411,3.0,4.8,5.1,3.9,6.4,8.2,5.1,4.5,3.2,0
1033,0.2857142857142857,0.5677852801217369,6.4,4.9,2.4,6.8,4.6,6.8,6.3,4.3,4.0,1
394,0.11428571428571432,-0.14753475782690803,6.7,6.6,1.9,7.2,4.3,5.9,6.5,4.7,4.3,1
718,0.4857142857142856,0.9254452990960595,4.6,5.3,4.2,8.4,4.8,7.1,6.2,4.4,4.2,1
778,0.4285714285714286,1.4261693256601122,3.7,6.1,4.2,7.0,6.7,6.8,5.9,4.5,3.9,1
432,0.3714285714285713,-0.2905987654166373,3.8,3.5,2.9,4.1,4.5,7.6,5.1,4.0,3.4,0
282,0.34285714285714275,0.9254452990960595,5.6,5.6,5.4,7.4,5.8,4.5,6.2,5.4,4.5,1
460,0.08571428571428563,1.0685093066857896,4.8,6.1,3.2,7.3,4.6,6.3,6.3,4.7,4.6,1
746,0.3999999999999999,-1.5066428299293348,5.1,6.7,3.7,5.9,5.8,9.3,5.9,4.4,4.6,0
788,0.5999999999999999,-1.0059188033652828,2.7,6.6,6.5,6.3,6.0,8.7,4.7,4.6,4.6,1
437,0.34285714285714275,0.7823812915063311,5.9,4.6,3.9,6.0,4.5,6.8,6.4,3.9,3.5,0
553,0.2857142857142857,0.5677852801217369,6.4,4.9,2.4,6.8,4.6,6.8,6.3,4.3,4.0,1
846,0.6571428571428571,-1.148982810955012,4.7,6.9,4.5,6.8,5.9,8.8,6.0,4.8,5.2,1
311,0.4571428571428571,1.0685093066857896,7.0,6.2,4.7,6.5,4.9,8.5,7.3,4.3,4.1,1
117,0.34285714285714275,0.7823812915063311,5.2,4.6,2.2,6.0,4.5,6.8,6.1,4.5,3.5,0
731,0.3999999999999999,-0.9343867995704184,5.8,4.1,4.9,4.7,4.8,7.2,6.5,3.5,2.8,0
8,0.3999999999999999,-1.5066428299293348,5.1,6.7,3.7,5.9,5.8,9.3,5.9,4.4,4.6,0
1023,0.3999999999999999,-0.21906676162177294,5.2,5.8,5.6,6.6,5.4,4.4,6.7,4.6,4.0,1
926,0.6571428571428571,-1.148982810955012,4.7,6.9,4.5,6.8,5.9,8.8,6.0,4.8,5.2,1
997,0.2857142857142857,0.5677852801217369,6.1,4.3,3.5,6.1,2.9,5.6,6.1,3.1,2.5,0
275,0.2285714285714285,0.42472127253200825,5.7,6.0,2.3,7.6,3.7,4.8,5.8,5.7,4.4,0
295,0.8285714285714283,-2.007366856493386,6.6,6.9,4.4,5.4,7.8,5.9,7.2,4.9,4.5,1
859,0.4857142857142856,-0.00447075023717878,4.3,5.8,4.4,6.9,5.8,4.7,5.2,4.1,4.3,1
455,0.8285714285714283,-2.007366856493386,6.6,6.9,4.4,5.4,7.8,5.9,7.2,4.9,4.5,1
444,0.9714285714285712,1.1400413104806535,4.6,6.9,5.0,6.9,6.6,7.6,6.5,5.1,4.4,1
918,0.7714285714285716,-1.2920468185447411,3.0,4.8,5.1,3.9,6.4,8.2,5.1,4.5,3.2,0
532,0.3999999999999999,0.2101252611474141,3.9,6.2,5.8,4.9,5.0,9.0,5.2,4.7,4.5,1
1134,0.3999999999999999,-0.8628547957755536,5.9,4.2,3.4,4.7,4.8,7.2,5.7,4.0,2.8,0
130,0.05714285714285705,0.9969773028909252,2.6,7.2,2.2,7.2,4.5,6.2,6.4,6.7,4.5,1
499,0.34285714285714275,-0.7197907881858243,5.7,4.4,3.3,6.4,4.7,5.2,6.4,3.2,3.3,0
911,0.2285714285714285,1.4261693256601122,7.4,4.8,4.0,5.9,4.8,4.9,5.9,3.2,3.8,0
856,0.5428571428571427,-1.4351108261344698,5.7,5.9,5.8,6.4,5.5,8.4,6.4,5.2,4.8,1
938,0.4285714285714286,1.4261693256601122,3.7,6.1,4.2,7.0,6.7,6.8,5.9,4.5,3.9,1
431,0.0,-0.14753475782690803,6.3,4.5,2.4,4.7,3.4,6.2,6.0,3.3,2.6,0
430,0.2857142857142857,0.5677852801217369,4.0,6.8,3.2,7.8,3.8,4.9,6.1,4.3,4.5,0
597,0.3999999999999999,-0.21906676162177294,3.0,4.0,5.1,4.2,4.6,7.7,4.9,4.7,3.5,0
47,0.5428571428571427,-1.4351108261344698,5.5,7.2,3.5,6.4,5.5,8.4,6.2,5.7,4.8,1
71,0.4571428571428571,1.0685093066857896,7.0,6.2,4.7,6.5,4.9,8.5,7.3,4.3,4.1,1
637,0.4285714285714286,0.8539132953011953,7.0,4.1,4.4,6.3,5.4,7.3,7.5,4.4,3.3,1
666,0.2857142857142857,0.5677852801217369,3.3,3.2,3.1,6.1,2.9,5.6,5.0,3.1,2.5,0
86,0.5428571428571427,-1.3635788223396057,5.3,4.7,3.5,5.3,5.3,8.0,6.5,4.7,4.0,0
547,0.6571428571428571,0.8539132953011953,6.1,5.9,6.3,5.3,7.1,8.4,7.1,5.4,4.4,1
967,0.2285714285714285,0.42472127253200825,7.2,5.8,4.1,7.6,3.7,4.8,6.9,5.3,4.4,0
740,0.3999999999999999,-1.077450807160147,6.6,6.1,4.0,3.9,5.3,7.1,6.1,5.6,3.9,0
500,0.5142857142857142,-1.578174833724199,6.7,6.0,3.3,5.5,5.1,6.2,6.7,4.2,4.5,0
568,0.1428571428571429,0.2101252611474141,5.1,7.2,3.4,7.9,3.1,5.3,5.5,3.9,4.9,0
840,0.34285714285714275,-0.7197907881858243,8.5,4.3,4.5,6.4,4.7,5.2,7.7,3.7,3.3,0
509,0.34285714285714275,0.2816572649422797,3.3,5.5,3.1,4.6,5.2,9.1,4.1,4.6,3.9,0
720,0.4571428571428571,0.9969773028909252,4.0,4.6,4.7,6.4,5.5,7.4,5.3,3.6,3.4,1
1163,0.2857142857142857,0.5677852801217369,4.6,4.8,2.7,6.8,4.6,6.8,5.8,3.8,4.0,1
15,0.3999999999999999,-0.8628547957755536,5.9,4.2,3.4,4.7,4.8,7.2,5.7,4.0,2.8,0
168,0.34285714285714275,-0.3621307692115016,2.6,5.0,4.1,4.4,4.8,7.2,4.5,4.2,3.7,0
1131,0.4571428571428571,-1.9358348526985216,7.1,5.2,3.9,4.3,5.0,8.4,7.1,3.3,3.3,0
48,0.6571428571428571,0.8539132953011953,3.6,6.4,5.3,5.3,7.1,8.4,5.8,4.5,4.4,1
41,0.4857142857142856,0.42472127253200825,2.5,5.9,4.8,4.9,6.0,6.8,4.7,5.0,3.7,1
445,0.4857142857142856,0.9254452990960595,5.7,5.5,2.4,8.4,4.8,7.1,6.7,4.5,4.2,1
817,0.5999999999999999,1.4977013294549766,5.3,3.7,4.2,5.4,4.5,3.8,6.7,3.7,3.5,0
1057,0.34285714285714275,0.7823812915063311,5.2,4.6,2.2,6.0,4.5,6.8,6.1,4.5,3.5,0
204,0.9714285714285712,1.1400413104806535,4.6,6.9,5.0,6.9,6.6,7.6,6.5,5.1,4.4,1
613,0.4571428571428571,1.0685093066857896,4.7,5.4,3.8,6.5,4.9,8.5,4.9,4.1,4.1,1
424,0.4285714285714286,-0.7197907881858243,5.0,2.6,2.1,2.3,5.4,8.9,4.8,2.1,2.0,0
263,0.3999999999999999,-1.077450807160147,2.7,5.3,3.9,3.9,5.3,7.1,5.2,4.7,3.9,0
1014,0.8285714285714283,0.9969773028909252,4.6,6.8,5.8,6.6,6.3,7.4,5.1,4.6,4.3,1
109,0.5999999999999999,1.4977013294549766,7.1,6.3,2.9,5.4,4.5,3.8,6.7,5.0,3.5,0
10,0.4857142857142856,0.6393172839166025,3.8,5.1,4.3,4.7,4.8,5.8,5.0,4.4,2.9,0
1189,0.4285714285714286,1.4261693256601122,7.5,4.7,5.6,7.0,6.7,6.8,7.2,4.1,3.9,1
973,0.3999999999999999,-1.5066428299293348,5.1,6.7,3.7,5.9,5.8,9.3,5.9,4.4,4.6,0
575,0.5999999999999999,1.4977013294549766,7.1,6.3,2.9,5.4,4.5,3.8,6.7,5.0,3.5,0
1103,0.3999999999999999,-0.21906676162177294,5.2,5.8,5.6,6.6,5.4,4.4,6.7,4.6,4.0,1
411,0.5142857142857142,-0.8628547957755536,5.2,3.9,3.0,5.4,6.8,8.4,6.2,2.5,3.5,0
1155,0.5999999999999999,1.4977013294549766,5.3,3.7,4.2,5.4,4.5,3.8,6.7,3.7,3.5,0
585,0.5714285714285714,-0.5767267805960957,4.1,2.6,2.1,3.3,4.5,9.9,5.5,2.0,2.4,0
62,0.8285714285714283,-0.3621307692115016,4.8,7.7,4.5,7.2,6.9,9.6,6.4,5.7,5.5,1
103,0.4571428571428571,-1.9358348526985216,7.1,5.2,3.9,4.3,5.0,8.4,7.1,3.3,3.3,0
785,0.4571428571428571,0.353189268737144,6.7,5.0,4.5,4.7,5.9,6.7,5.1,2.7,3.6,1
961,0.3999999999999999,-1.077450807160147,6.6,6.1,4.0,3.9,5.3,7.1,6.1,5.6,3.9,0
959,0.3714285714285713,0.9969773028909252,5.4,7.8,4.6,7.5,5.9,4.6,6.4,4.8,4.6,1
223,0.3999999999999999,-0.21906676162177294,5.2,5.8,5.6,6.6,5.4,4.4,6.7,4.6,4.0,1
471,0.4571428571428571,1.0685093066857896,7.0,6.2,4.7,6.5,4.9,8.5,7.3,4.3,4.1,1
1136,0.2857142857142857,-1.077450807160147,6.7,3.6,2.2,2.9,5.0,8.4,7.3,2.0,1.6,0
436,0.3999999999999999,-1.077450807160147,6.6,6.1,4.0,3.9,5.3,7.1,6.1,5.6,3.9,0
106,0.7714285714285716,-0.0760027540320437,5.8,5.3,5.2,5.3,7.1,7.9,6.0,4.3,3.9,0
566,0.34285714285714275,-0.7197907881858243,8.5,4.3,4.5,6.4,4.7,5.2,7.7,3.7,3.3,0
273,0.2857142857142857,0.5677852801217369,6.1,4.3,3.5,6.1,2.9,5.6,6.1,3.1,2.5,0
773,0.4571428571428571,1.0685093066857896,4.7,5.4,3.8,6.5,4.9,8.5,4.9,4.1,4.1,1
1036,0.9428571428571428,-1.7212388413139283,7.7,7.0,5.6,5.7,8.2,6.3,7.4,5.5,4.9,1
158,0.4857142857142856,0.9254452990960595,4.6,5.3,4.2,8.4,4.8,7.1,6.2,4.4,4.2,1
1169,1.0,1.211573314275518,6.8,5.9,5.4,8.3,7.8,4.5,6.4,4.3,4.3,1
122,0.34285714285714275,0.9254452990960595,5.6,5.6,5.4,7.4,5.8,4.5,6.2,5.4,4.5,1
447,0.5428571428571427,-1.4351108261344698,5.5,7.2,3.5,6.4,5.5,8.4,6.2,5.7,4.8,1
290,0.05714285714285705,0.9969773028909252,2.6,7.2,2.2,7.2,4.5,6.2,6.4,6.7,4.5,1
1080,0.34285714285714275,-1.649706837519064,5.1,6.4,3.7,5.7,5.6,9.1,5.4,5.0,4.5,0
361,0.4857142857142856,0.42472127253200825,2.5,5.9,4.8,4.9,6.0,6.8,4.7,5.0,3.7,1
819,0.34285714285714275,-0.7197907881858243,5.7,4.4,3.3,6.4,4.7,5.2,6.4,3.2,3.3,0
123,0.2857142857142857,0.5677852801217369,4.6,4.8,2.7,6.8,4.6,6.8,5.8,3.8,4.0,1
624,0.17142857142857135,1.4261693256601122,7.2,6.9,2.6,5.8,3.5,5.4,6.2,5.6,4.0,1
57,0.4571428571428571,-1.578174833724199,6.8,7.5,5.7,5.7,6.0,8.2,6.6,6.5,5.2,1
793,0.2857142857142857,0.5677852801217369,6.4,4.9,2.4,6.8,4.6,6.8,6.3,4.3,4.0,1
694,0.8285714285714283,0.9969773028909252,4.6,6.8,5.8,6.6,6.3,7.4,5.1,4.6,4.3,1
514,0.31428571428571417,-0.64825878439096,5.4,5.5,2.6,4.8,4.2,9.0,6.5,4.3,3.7,0
333,0.7714285714285716,-0.0760027540320437,5.8,5.3,5.2,5.3,7.1,7.9,6.0,4.3,3.9,0
339,0.08571428571428563,0.06706125355768552,4.7,7.1,3.6,7.7,3.0,5.2,5.1,4.3,4.7,0
306,0.4571428571428571,-1.578174833724199,3.5,6.7,5.4,5.7,6.0,8.2,5.4,4.7,5.2,1
853,0.4571428571428571,1.0685093066857896,4.7,5.4,3.8,6.5,4.9,8.5,4.9,4.1,4.1,1
688,0.6571428571428571,0.8539132953011953,3.6,6.4,5.3,5.3,7.1,8.4,5.8,4.5,4.4,1
337,0.3999999999999999,-0.21906676162177294,3.0,4.0,5.1,4.2,4.6,7.7,4.9,4.7,3.5,0
796,0.9428571428571428,-1.7212388413139283,7.7,7.0,5.6,5.7,8.2,6.3,7.4,5.5,4.9,1
1115,0.11428571428571432,-0.14753475782690803,8.0,6.7,3.5,7.2,4.3,5.9,6.9,5.1,4.3,1
1129,0.3999999999999999,-1.077450807160147,2.7,5.3,3.9,3.9,5.3,7.1,5.2,4.7,3.9,0
591,0.34285714285714275,-0.7197907881858243,5.7,4.4,3.3,6.4,4.7,5.2,6.4,3.2,3.3,0
789,0.4285714285714286,1.4261693256601122,7.5,4.7,5.6,7.0,6.7,6.8,7.2,4.1,3.9,1
1089,1.0,1.211573314275518,6.8,5.9,5.4,8.3,7.8,4.5,6.4,4.3,4.3,1
1100,0.08571428571428563,1.0685093066857896,4.8,6.1,3.2,7.3,4.6,6.3,6.3,4.7,4.6,1
96,0.34285714285714275,0.2816572649422797,3.3,5.5,3.1,4.6,5.2,9.1,4.1,4.6,3.9,0
1030,0.4857142857142856,0.42472127253200825,5.3,5.5,5.0,4.9,6.0,6.8,5.7,4.4,3.7,1
533,0.4571428571428571,1.0685093066857896,4.7,5.4,3.8,6.5,4.9,8.5,4.9,4.1,4.1,1
1113,0.2857142857142857,0.5677852801217369,6.4,4.9,2.4,6.8,4.6,6.8,6.3,4.3,4.0,1
669,0.0,-0.14753475782690803,6.3,4.5,2.4,4.7,3.4,6.2,6.0,3.3,2.6,0
829,0.1428571428571429,0.2101252611474141,3.7,7.4,2.7,7.9,3.1,5.3,5.3,4.5,4.9,0
1074,0.4571428571428571,-1.9358348526985216,7.1,5.2,3.9,4.3,5.0,8.4,7.1,3.3,3.3,0
438,0.5428571428571427,-1.3635788223396057,5.3,4.7,3.5,5.3,5.3,8.0,6.5,4.7,4.0,0
283,0.2857142857142857,0.5677852801217369,4.6,4.8,2.7,6.8,4.6,6.8,5.8,3.8,4.0,1
357,0.1428571428571429,0.2101252611474141,3.7,7.4,2.7,7.9,3.1,5.3,5.3,4.5,4.9,0
868,0.5999999999999999,-1.0059188033652828,2.7,6.6,6.5,6.3,6.0,8.7,4.7,4.6,4.6,1
1184,0.17142857142857135,1.4261693256601122,7.2,6.9,2.6,5.8,3.5,5.4,6.2,5.6,4.0,1
1041,0.1428571428571429,0.2101252611474141,5.1,7.2,3.4,7.9,3.1,5.3,5.5,3.9,4.9,0
495,0.5714285714285714,-0.5767267805960957,4.1,2.6,2.1,3.3,4.5,9.9,5.5,2.0,2.4,0
751,0.2285714285714285,-0.00447075023717878,4.4,5.1,5.9,4.2,4.8,9.7,5.7,3.4,3.5,0
201,0.4857142857142856,0.42472127253200825,2.5,5.9,4.8,4.9,6.0,6.8,4.7,5.0,3.7,1
1092,0.3999999999999999,0.2101252611474141,3.9,6.2,5.8,4.9,5.0,9.0,5.2,4.7,4.5,1
1141,0.31428571428571417,-1.077450807160147,7.0,3.7,4.7,4.7,4.5,8.8,7.0,4.3,3.0,0
889,0.08571428571428563,0.06706125355768552,4.7,7.1,3.6,7.7,3.0,5.2,5.1,4.3,4.7,0
1034,0.11428571428571432,-0.14753475782690803,6.7,6.6,1.9,7.2,4.3,5.9,6.5,4.7,4.3,1
338,0.5714285714285714,-0.5767267805960957,4.1,2.6,2.1,3.3,4.5,9.9,5.5,2.0,2.4,0
1035,0.11428571428571432,-0.14753475782690803,8.0,6.7,3.5,7.2,4.3,5.9,6.9,5.1,4.3,1
682,0.34285714285714275,0.9254452990960595,5.6,5.6,5.4,7.4,5.8,4.5,6.2,5.4,4.5,1
466,0.4571428571428571,-1.578174833724199,3.5,6.7,5.4,5.7,6.0,8.2,5.4,4.7,5.2,1
631,0.4571428571428571,1.0685093066857896,7.0,6.2,4.7,6.5,4.9,8.5,7.3,4.3,4.1,1
836,0.5999999999999999,1.4977013294549766,7.1,6.3,2.9,5.4,4.5,3.8,6.7,5.0,3.5,0
705,0.4571428571428571,0.353189268737144,6.7,5.0,4.5,4.7,5.9,6.7,5.1,2.7,3.6,1
140,0.08571428571428563,1.0685093066857896,4.8,6.1,3.2,7.3,4.6,6.3,6.3,4.7,4.6,1
1071,0.17142857142857135,-1.0059188033652828,3.1,4.1,4.0,4.3,3.7,8.5,5.1,3.6,3.3,0
375,0.8285714285714283,-2.007366856493386,6.6,6.9,4.4,5.4,7.8,5.9,7.2,4.9,4.5,1
878,0.4857142857142856,0.9254452990960595,4.6,5.3,4.2,8.4,4.8,7.1,6.2,4.4,4.2,1
950,0.4857142857142856,0.42472127253200825,5.3,5.5,5.0,4.9,6.0,6.8,5.7,4.4,3.7,1
989,0.34285714285714275,0.7823812915063311,5.9,4.6,3.9,6.0,4.5,6.8,6.4,3.9,3.5,0
489,0.5428571428571427,-1.3635788223396057,5.3,4.7,3.5,5.3,5.3,8.0,6.5,4.7,4.0,0
243,0.2857142857142857,0.5677852801217369,8.4,6.1,2.8,7.8,3.8,4.9,7.2,5.4,4.5,0
97,0.2285714285714285,0.42472127253200825,5.7,6.0,2.3,7.6,3.7,4.8,5.8,5.7,4.4,0
351,0.2285714285714285,1.4261693256601122,7.4,4.8,4.0,5.9,4.8,4.9,5.9,3.2,3.8,0
31,0.2,0.4962532763268726,5.8,3.9,2.9,5.6,4.0,6.3,6.1,2.7,3.0,0
1172,0.3999999999999999,0.2101252611474141,3.9,6.2,5.8,4.9,5.0,9.0,5.2,4.7,4.5,1
1044,0.5142857142857142,-1.578174833724199,6.7,6.0,3.3,5.5,5.1,6.2,6.7,4.2,4.5,0
1005,0.4857142857142856,0.9254452990960595,5.7,5.5,2.4,8.4,4.8,7.1,6.7,4.5,4.2,1
70,0.4857142857142856,0.42472127253200825,5.3,5.5,5.0,4.9,6.0,6.8,5.7,4.4,3.7,1
482,0.34285714285714275,0.7823812915063311,5.9,4.6,3.9,6.0,4.5,6.8,6.4,3.9,3.5,0
28,0.31428571428571417,0.06706125355768552,3.8,5.8,3.2,4.6,4.7,8.7,5.3,4.9,4.2,0
58,0.4285714285714286,1.4261693256601122,3.7,6.1,4.2,7.0,6.7,6.8,5.9,4.5,3.9,1
249,0.34285714285714275,-0.3621307692115016,2.6,5.0,4.1,4.4,4.8,7.2,4.5,4.2,3.7,0
397,0.4285714285714286,0.8539132953011953,7.0,4.1,4.4,6.3,5.4,7.3,7.5,4.4,3.3,1
870,0.4857142857142856,0.42472127253200825,5.3,5.5,5.0,4.9,6.0,6.8,5.7,4.4,3.7,1
297,0.4571428571428571,-1.578174833724199,6.8,7.5,5.7,5.7,6.0,8.2,6.6,6.5,5.2,1
329,0.3999999999999999,0.4962532763268726,7.4,5.1,3.5,7.3,4.7,3.7,6.7,4.8,4.0,0
727,0.2857142857142857,0.5677852801217369,6.1,4.3,3.5,6.1,2.9,5.6,6.1,3.1,2.5,0
833,0.34285714285714275,0.7823812915063311,5.9,4.6,3.9,6.0,4.5,6.8,6.4,3.9,3.5,0
477,0.4285714285714286,0.8539132953011953,7.0,4.1,4.4,6.3,5.4,7.3,7.5,4.4,3.3,1
641,0.31428571428571417,-1.077450807160147,7.0,3.7,4.7,4.7,4.5,8.8,7.0,4.3,3.0,0
470,0.4857142857142856,0.42472127253200825,5.3,5.5,5.0,4.9,6.0,6.8,5.7,4.4,3.7,1
672,0.31428571428571417,0.06706125355768552,3.8,5.8,3.2,4.6,4.7,8.7,5.3,4.9,4.2,0
677,0.31428571428571417,-1.2205148147498763,3.9,4.8,4.6,3.6,5.1,6.9,5.4,4.3,3.7,0
676,0.3714285714285713,-0.2905987654166373,4.1,4.5,3.5,4.1,4.5,7.6,4.9,3.4,3.4,0
736,0.08571428571428563,0.13859325735254982,7.2,4.5,2.3,5.1,3.8,6.6,6.8,3.0,3.0,0
980,0.3999999999999999,0.4962532763268726,7.4,5.1,3.5,7.3,4.7,3.7,6.7,4.8,4.0,0
353,0.31428571428571417,-1.077450807160147,7.0,3.7,4.7,4.7,4.5,8.8,7.0,4.3,3.0,0
1008,0.6571428571428571,0.8539132953011953,3.6,6.4,5.3,5.3,7.1,8.4,5.8,4.5,4.4,1
33,0.1428571428571429,0.2101252611474141,5.1,7.2,3.4,7.9,3.1,5.3,5.5,3.9,4.9,0
416,0.2857142857142857,0.5677852801217369,8.4,6.1,2.8,7.8,3.8,4.9,7.2,5.4,4.5,0
1101,0.4571428571428571,0.9969773028909252,7.3,5.7,3.7,6.4,5.5,7.4,6.6,4.1,3.4,1
289,1.0,1.211573314275518,6.8,5.9,5.4,8.3,7.8,4.5,6.4,4.3,4.3,1
317,0.4285714285714286,0.8539132953011953,7.0,4.1,4.4,6.3,5.4,7.3,7.5,4.4,3.3,1
1053,0.3714285714285713,-0.2905987654166373,3.8,3.5,2.9,4.1,4.5,7.6,5.1,4.0,3.4,0
203,0.2857142857142857,0.5677852801217369,4.6,4.8,2.7,6.8,4.6,6.8,5.8,3.8,4.0,1
359,0.34285714285714275,-0.3621307692115016,2.6,5.0,4.1,4.4,4.8,7.2,4.5,4.2,3.7,0
165,0.3999999999999999,-0.9343867995704184,5.8,4.1,4.9,4.7,4.8,7.2,6.5,3.5,2.8,0
76,0.9428571428571428,-1.7212388413139283,7.7,7.0,5.6,5.7,8.2,6.3,7.4,5.5,4.9,1
270,0.2285714285714285,0.42472127253200825,7.2,5.8,4.1,7.6,3.7,4.8,6.9,5.3,4.4,0
93,0.34285714285714275,-0.3621307692115016,2.6,5.0,4.1,4.4,4.8,7.2,4.5,4.2,3.7,0
1186,0.4571428571428571,-1.578174833724199,3.5,6.7,5.4,5.7,6.0,8.2,5.4,4.7,5.2,1
451,0.5428571428571427,1.211573314275518,6.2,7.3,2.9,7.7,5.5,7.7,6.1,5.2,4.9,1
869,0.4285714285714286,1.4261693256601122,7.5,4.7,5.6,7.0,6.7,6.8,7.2,4.1,3.9,1
185,0.2857142857142857,0.5677852801217369,4.0,6.8,3.2,7.8,3.8,4.9,6.1,4.3,4.5,0
764,0.9714285714285712,1.1400413104806535,4.6,6.9,5.0,6.9,6.6,7.6,6.5,5.1,4.4,1
481,0.7714285714285716,-1.2920468185447411,3.0,4.8,5.1,3.9,6.4,8.2,5.1,4.5,3.2,0
1105,0.4571428571428571,0.353189268737144,6.7,5.0,4.5,4.7,5.9,6.7,5.1,2.7,3.6,1
642,0.1428571428571429,0.2101252611474141,5.1,7.2,3.4,7.9,3.1,5.3,5.5,3.9,4.9,0
80,0.4571428571428571,0.9969773028909252,4.0,4.6,4.7,6.4,5.5,7.4,5.3,3.6,3.4,1
589,0.1428571428571429,0.2101252611474141,3.7,7.4,2.7,7.9,3.1,5.3,5.3,4.5,4.9,0
653,0.3714285714285713,-0.2905987654166373,3.8,3.5,2.9,4.1,4.5,7.6,5.1,4.0,3.4,0
99,0.3999999999999999,-1.077450807160147,2.7,5.3,3.9,3.9,5.3,7.1,5.2,4.7,3.9,0
954,0.11428571428571432,-0.14753475782690803,6.7,6.6,1.9,7.2,4.3,5.9,6.5,4.7,4.3,1
984,0.1428571428571429,0.2101252611474141,5.1,7.2,3.4,7.9,3.1,5.3,5.5,3.9,4.9,0
628,0.5999999999999999,-1.0059188033652828,2.7,6.6,6.5,6.3,6.0,8.7,4.7,4.6,4.6,1
611,0.5428571428571427,1.211573314275518,6.2,7.3,2.9,7.7,5.5,7.7,6.1,5.2,4.9,1
550,0.4857142857142856,0.42472127253200825,5.3,5.5,5.0,4.9,6.0,6.8,5.7,4.4,3.7,1
837,0.3999999999999999,-1.5066428299293348,5.1,6.7,3.7,5.9,5.8,9.3,5.9,4.4,4.6,0
286,0.6571428571428571,-1.148982810955012,4.7,6.9,4.5,6.8,5.9,8.8,6.0,4.8,5.2,1
102,0.34285714285714275,-1.649706837519064,5.1,6.4,3.7,5.7,5.6,9.1,5.4,5.0,4.5,0
1158,0.5999999999999999,1.4977013294549766,7.1,6.3,2.9,5.4,4.5,3.8,6.7,5.0,3.5,0
144,0.17142857142857135,1.4261693256601122,7.2,6.9,2.6,5.8,3.5,5.4,6.2,5.6,4.0,1
897,0.34285714285714275,-0.7197907881858243,5.7,4.4,3.3,6.4,4.7,5.2,6.4,3.2,3.3,0
948,0.5999999999999999,-1.0059188033652828,2.7,6.6,6.5,6.3,6.0,8.7,4.7,4.6,4.6,1
142,0.8285714285714283,-0.3621307692115016,4.8,7.7,4.5,7.2,6.9,9.6,6.4,5.7,5.5,1
310,0.4857142857142856,0.42472127253200825,5.3,5.5,5.0,4.9,6.0,6.8,5.7,4.4,3.7,1
616,0.5428571428571427,-1.4351108261344698,5.7,5.9,5.8,6.4,5.5,8.4,6.4,5.2,4.8,1
242,0.5428571428571427,-1.3635788223396057,5.3,4.7,3.5,5.3,5.3,8.0,6.5,4.7,4.0,0
749,0.4571428571428571,-1.9358348526985216,7.1,5.2,3.9,4.3,5.0,8.4,7.1,3.3,3.3,0
1140,0.08571428571428563,0.06706125355768552,4.7,7.1,3.6,7.7,3.0,5.2,5.1,4.3,4.7,0
382,0.8285714285714283,-0.3621307692115016,4.8,7.7,4.5,7.2,6.9,9.6,6.4,5.7,5.5,1
957,0.4285714285714286,0.8539132953011953,7.0,4.1,4.4,6.3,5.4,7.3,7.5,4.4,3.3,1
35,0.4285714285714286,-0.7197907881858243,5.0,2.6,2.1,2.3,5.4,8.9,4.8,2.1,2.0,0
443,0.2857142857142857,0.5677852801217369,4.6,4.8,2.7,6.8,4.6,6.8,5.8,3.8,4.0,1
308,0.5999999999999999,-1.0059188033652828,2.7,6.6,6.5,6.3,6.0,8.7,4.7,4.6,4.6,1
427,0.2285714285714285,0.42472127253200825,5.7,6.0,2.3,7.6,3.7,4.8,5.8,5.7,4.4,0
1050,0.3999999999999999,-0.21906676162177294,7.6,4.6,4.7,4.6,5.0,7.4,8.1,4.5,3.9,0
632,0.3714285714285713,0.9969773028909252,6.3,7.6,5.5,7.5,5.9,4.6,6.6,5.2,4.6,1
909,0.4285714285714286,-0.8628547957755536,6.5,5.3,5.3,5.1,4.9,9.2,5.7,3.5,3.4,0
301,0.4571428571428571,0.9969773028909252,7.3,5.7,3.7,6.4,5.5,7.4,6.6,4.1,3.4,1
1138,0.2285714285714285,0.42472127253200825,5.7,6.0,2.3,7.6,3.7,4.8,5.8,5.7,4.4,0
1146,0.4285714285714286,-0.8628547957755536,6.5,5.3,5.3,5.1,4.9,9.2,5.7,3.5,3.4,0
60,0.08571428571428563,1.0685093066857896,4.8,6.1,3.2,7.3,4.6,6.3,6.3,4.7,4.6,1
1037,0.4285714285714286,0.8539132953011953,7.0,4.1,4.4,6.3,5.4,7.3,7.5,4.4,3.3,1
992,0.4285714285714286,-0.8628547957755536,6.5,5.3,5.3,5.1,4.9,9.2,5.7,3.5,3.4,0
197,0.5999999999999999,1.4977013294549766,7.1,6.3,2.9,5.4,4.5,3.8,6.7,5.0,3.5,0
69,0.4285714285714286,1.4261693256601122,7.5,4.7,5.6,7.0,6.7,6.8,7.2,4.1,3.9,1
199,0.5428571428571427,-1.3635788223396057,5.3,4.7,3.5,5.3,5.3,8.0,6.5,4.7,4.0,0
1002,0.34285714285714275,0.9254452990960595,5.6,5.6,5.4,7.4,5.8,4.5,6.2,5.4,4.5,1
487,0.31428571428571417,-1.077450807160147,7.0,3.7,4.7,4.7,4.5,8.8,7.0,4.3,3.0,0
1119,0.3714285714285713,0.9969773028909252,5.4,7.8,4.6,7.5,5.9,4.6,6.4,4.8,4.6,1
803,0.31428571428571417,0.06706125355768552,3.8,5.8,3.2,4.6,4.7,8.7,5.3,4.9,4.2,0
701,0.4571428571428571,0.9969773028909252,7.3,5.7,3.7,6.4,5.5,7.4,6.6,4.1,3.4,1
478,0.4857142857142856,0.9254452990960595,4.6,5.3,4.2,8.4,4.8,7.1,6.2,4.4,4.2,1
17,0.5142857142857142,-1.578174833724199,6.7,6.0,3.3,5.5,5.1,6.2,6.7,4.2,4.5,0
241,0.7714285714285716,-1.2920468185447411,3.0,4.8,5.1,3.9,6.4,8.2,5.1,4.5,3.2,0
722,0.34285714285714275,-0.7197907881858243,5.7,4.4,3.3,6.4,4.7,5.2,6.4,3.2,3.3,0
605,0.4857142857142856,0.9254452990960595,5.7,5.5,2.4,8.4,4.8,7.1,6.7,4.5,4.2,1
977,0.7714285714285716,-1.2920468185447411,3.0,4.8,5.1,3.9,6.4,8.2,5.1,4.5,3.2,0
636,0.9428571428571428,-1.7212388413139283,7.7,7.0,5.6,5.7,8.2,6.3,7.4,5.5,4.9,1
472,0.3714285714285713,0.9969773028909252,6.3,7.6,5.5,7.5,5.9,4.6,6.6,5.2,4.6,1
40,0.34285714285714275,-0.7197907881858243,8.5,4.3,4.5,6.4,4.7,5.2,7.7,3.7,3.3,0
782,0.8285714285714283,-0.3621307692115016,4.8,7.7,4.5,7.2,6.9,9.6,6.4,5.7,5.5,1
601,0.4857142857142856,0.42472127253200825,2.5,5.9,4.8,4.9,6.0,6.8,4.7,5.0,3.7,1
1123,0.6571428571428571,-1.077450807160147,5.1,6.1,4.7,5.7,5.7,8.4,5.4,4.1,4.4,0
319,0.3714285714285713,0.9969773028909252,5.4,7.8,4.6,7.5,5.9,4.6,6.4,4.8,4.6,1
132,0.3999999999999999,0.2101252611474141,3.9,6.2,5.8,4.9,5.0,9.0,5.2,4.7,4.5,1
426,0.1428571428571429,0.2101252611474141,3.7,7.4,2.7,7.9,3.1,5.3,5.3,4.5,4.9,0
1132,0.7714285714285716,-0.0760027540320437,5.8,5.3,5.2,5.3,7.1,7.9,6.0,4.3,3.9,0
920,0.1428571428571429,0.2101252611474141,5.1,7.2,3.4,7.9,3.1,5.3,5.5,3.9,4.9,0
1019,0.4857142857142856,-0.00447075023717878,4.3,5.8,4.4,6.9,5.8,4.7,5.2,4.1,4.3,1
934,0.8285714285714283,0.9969773028909252,4.6,6.8,5.8,6.6,6.3,7.4,5.1,4.6,4.3,1
939,0.4857142857142856,-0.00447075023717878,4.3,5.8,4.4,6.9,5.8,4.7,5.2,4.1,4.3,1
691,0.5428571428571427,1.211573314275518,6.2,7.3,2.9,7.7,5.5,7.7,6.1,5.2,4.9,1
6,0.5142857142857142,-1.578174833724199,7.9,6.4,2.7,5.5,5.1,6.2,7.5,5.0,4.5,0
230,0.4857142857142856,0.42472127253200825,5.3,5.5,5.0,4.9,6.0,6.8,5.7,4.4,3.7,1
134,0.8285714285714283,0.9969773028909252,4.6,6.8,5.8,6.6,6.3,7.4,5.1,4.6,4.3,1
61,0.4571428571428571,0.9969773028909252,7.3,5.7,3.7,6.4,5.5,7.4,6.6,4.1,3.4,1
302,0.8285714285714283,-0.3621307692115016,4.8,7.7,4.5,7.2,6.9,9.6,6.4,5.7,5.5,1
902,0.34285714285714275,0.7823812915063311,5.2,4.6,2.2,6.0,4.5,6.8,6.1,4.5,3.5,0
894,0.31428571428571417,0.06706125355768552,6.1,5.7,5.5,4.6,4.7,8.7,5.9,4.7,4.2,0
323,0.0,-0.14753475782690803,6.3,4.5,2.4,4.7,3.4,6.2,6.0,3.3,2.6,0
1200,0.4571428571428571,0.9969773028909252,4.0,4.6,4.7,6.4,5.5,7.4,5.3,3.6,3.4,1
732,0.34285714285714275,0.7823812915063311,5.9,4.6,3.9,6.0,4.5,6.8,6.4,3.9,3.5,0
726,0.3714285714285713,-0.2905987654166373,3.8,3.5,2.9,4.1,4.5,7.6,5.1,4.0,3.4,0
841,0.4857142857142856,0.42472127253200825,2.5,5.9,4.8,4.9,6.0,6.8,4.7,5.0,3.7,1
667,0.1428571428571429,0.2101252611474141,3.7,7.4,2.7,7.9,3.1,5.3,5.3,4.5,4.9,0
845,0.4857142857142856,0.9254452990960595,5.7,5.5,2.4,8.4,4.8,7.1,6.7,4.5,4.2,1
745,0.1428571428571429,0.2101252611474141,5.1,7.2,3.4,7.9,3.1,5.3,5.5,3.9,4.9,0
13,0.08571428571428563,0.06706125355768552,4.7,7.1,3.6,7.7,3.0,5.2,5.1,4.3,4.7,0
723,0.4285714285714286,-0.7197907881858243,5.0,2.6,2.1,2.3,5.4,8.9,4.8,2.1,2.0,0
844,0.9714285714285712,1.1400413104806535,4.6,6.9,5.0,6.9,6.6,7.6,6.5,5.1,4.4,1
536,0.5428571428571427,-1.4351108261344698,5.7,5.9,5.8,6.4,5.5,8.4,6.4,5.2,4.8,1
182,0.2857142857142857,0.5677852801217369,3.3,3.2,3.1,6.1,2.9,5.6,5.0,3.1,2.5,0
1007,0.5428571428571427,-1.4351108261344698,5.5,7.2,3.5,6.4,5.5,8.4,6.2,5.7,4.8,1
1029,0.4285714285714286,1.4261693256601122,7.5,4.7,5.6,7.0,6.7,6.8,7.2,4.1,3.9,1
960,0.4571428571428571,0.9969773028909252,4.0,4.6,4.7,6.4,5.5,7.4,5.3,3.6,3.4,1
524,0.9714285714285712,1.1400413104806535,4.6,6.9,5.0,6.9,6.6,7.6,6.5,5.1,4.4,1
741,0.4857142857142856,0.6393172839166025,3.8,5.1,4.3,4.7,4.8,5.8,5.0,4.4,2.9,0
505,0.4857142857142856,0.6393172839166025,3.8,5.1,4.3,4.7,4.8,5.8,5.0,4.4,2.9,0
990,0.08571428571428563,0.06706125355768552,4.7,7.1,3.6,7.7,3.0,5.2,5.1,4.3,4.7,0
228,0.5999999999999999,-1.0059188033652828,2.7,6.6,6.5,6.3,6.0,8.7,4.7,4.6,4.6,1
425,0.7714285714285716,-1.2920468185447411,6.3,3.9,4.4,3.9,6.4,8.2,5.8,3.0,3.2,0
346,0.3999999999999999,-1.5066428299293348,5.1,6.7,3.7,5.9,5.8,9.3,5.9,4.4,4.6,0
260,0.34285714285714275,-0.7197907881858243,8.5,4.3,4.5,6.4,4.7,5.2,7.7,3.7,3.3,0
1127,0.3999999999999999,-1.5066428299293348,5.1,6.7,3.7,5.9,5.8,9.3,5.9,4.4,4.6,0
1045,0.2285714285714285,1.4261693256601122,6.8,5.0,5.4,5.9,4.8,4.9,7.3,3.1,3.8,0
1128,0.3714285714285713,-0.2905987654166373,4.1,4.5,3.5,4.1,4.5,7.6,4.9,3.4,3.4,0
193,0.31428571428571417,-1.077450807160147,7.0,3.7,4.7,4.7,4.5,8.8,7.0,4.3,3.0,0
1047,0.2857142857142857,-0.8628547957755536,3.0,3.7,4.8,6.3,4.5,5.0,5.2,2.9,3.1,0
166,0.5999999999999999,1.4977013294549766,5.3,3.7,4.2,5.4,4.5,3.8,6.7,3.7,3.5,0
887,0.0,-0.14753475782690803,6.3,4.5,2.4,4.7,3.4,6.2,6.0,3.3,2.6,0
650,0.7714285714285716,-0.0760027540320437,5.8,5.3,5.2,5.3,7.1,7.9,6.0,4.3,3.9,0
376,0.5428571428571427,-1.4351108261344698,5.7,5.9,5.8,6.4,5.5,8.4,6.4,5.2,4.8,1
1078,0.5999999999999999,1.4977013294549766,5.3,3.7,4.2,5.4,4.5,3.8,6.7,3.7,3.5,0
733,0.2285714285714285,0.42472127253200825,7.2,5.8,4.1,7.6,3.7,4.8,6.9,5.3,4.4,0
828,0.34285714285714275,-1.649706837519064,5.1,6.4,3.7,5.7,5.6,9.1,5.4,5.0,4.5,0
352,0.7714285714285716,-1.2920468185447411,3.0,4.8,5.1,3.9,6.4,8.2,5.1,4.5,3.2,0
874,0.11428571428571432,-0.14753475782690803,6.7,6.6,1.9,7.2,4.3,5.9,6.5,4.7,4.3,1
570,0.34285714285714275,0.7823812915063311,5.9,4.6,3.9,6.0,4.5,6.8,6.4,3.9,3.5,0
903,0.5142857142857142,-0.8628547957755536,5.2,3.9,3.0,5.4,6.8,8.4,6.2,2.5,3.5,0
634,0.11428571428571432,-0.14753475782690803,6.7,6.6,1.9,7.2,4.3,5.9,6.5,4.7,4.3,1
1006,0.6571428571428571,-1.148982810955012,4.7,6.9,4.5,6.8,5.9,8.8,6.0,4.8,5.2,1
32,0.34285714285714275,-0.3621307692115016,2.6,5.0,4.1,4.4,4.8,7.2,4.5,4.2,3.7,0
996,0.7428571428571427,0.4962532763268726,5.6,5.3,2.3,6.0,5.7,6.7,5.8,4.9,3.6,0
259,0.3999999999999999,0.4962532763268726,7.4,5.1,3.5,7.3,4.7,3.7,6.7,4.8,4.0,0
660,0.3999999999999999,-2.078898860288251,1.3,3.0,3.5,4.2,4.9,8.2,4.3,2.4,3.1,0
1121,0.34285714285714275,-1.649706837519064,5.1,6.4,3.7,5.7,5.6,9.1,5.4,5.0,4.5,0
814,0.3999999999999999,-0.8628547957755536,5.9,4.2,3.4,4.7,4.8,7.2,5.7,4.0,2.8,0
795,0.11428571428571432,-0.14753475782690803,8.0,6.7,3.5,7.2,4.3,5.9,6.9,5.1,4.3,1
221,0.4571428571428571,0.9969773028909252,7.3,5.7,3.7,6.4,5.5,7.4,6.6,4.1,3.4,1
364,0.9714285714285712,1.1400413104806535,4.6,6.9,5.0,6.9,6.6,7.6,6.5,5.1,4.4,1
838,0.5142857142857142,-1.578174833724199,6.7,6.0,3.3,5.5,5.1,6.2,6.7,4.2,4.5,0
490,0.5999999999999999,1.4977013294549766,5.3,3.7,4.2,5.4,4.5,3.8,6.7,3.7,3.5,0
1049,0.31428571428571417,-1.2205148147498763,3.9,4.8,4.6,3.6,5.1,6.9,5.4,4.3,3.7,0
231,0.4571428571428571,1.0685093066857896,7.0,6.2,4.7,6.5,4.9,8.5,7.3,4.3,4.1,1
370,0.05714285714285705,0.9969773028909252,2.6,7.2,2.2,7.2,4.5,6.2,6.4,6.7,4.5,1
1000,0.31428571428571417,-0.64825878439096,5.4,5.5,2.6,4.8,4.2,9.0,6.5,4.3,3.7,0
405,0.34285714285714275,-0.3621307692115016,2.6,5.0,4.1,4.4,4.8,7.2,4.5,4.2,3.7,0
434,0.31428571428571417,0.06706125355768552,6.1,5.7,5.5,4.6,4.7,8.7,5.9,4.7,4.2,0
492,0.31428571428571417,0.06706125355768552,6.1,5.7,5.5,4.6,4.7,8.7,5.9,4.7,4.2,0
512,0.7428571428571427,0.4962532763268726,5.6,5.3,2.3,6.0,5.7,6.7,5.8,4.9,3.6,0
805,0.2857142857142857,-1.077450807160147,6.7,3.6,2.2,2.9,5.0,8.4,7.3,2.0,1.6,0
614,0.8285714285714283,0.9969773028909252,4.6,6.8,5.8,6.6,6.3,7.4,5.1,4.6,4.3,1
325,0.5142857142857142,-1.578174833724199,7.9,6.4,2.7,5.5,5.1,6.2,7.5,5.0,4.5,0
205,0.4857142857142856,0.9254452990960595,5.7,5.5,2.4,8.4,4.8,7.1,6.7,4.5,4.2,1
299,0.4857142857142856,-0.00447075023717878,4.3,5.8,4.4,6.9,5.8,4.7,5.2,4.1,4.3,1
83,0.3999999999999999,0.8539132953011953,5.5,5.4,4.2,6.2,4.6,8.3,6.5,4.6,3.9,0
404,0.3999999999999999,-0.9343867995704184,5.8,4.1,4.9,4.7,4.8,7.2,6.5,3.5,2.8,0
914,0.4571428571428571,-1.9358348526985216,7.1,5.2,3.9,4.3,5.0,8.4,7.1,3.3,3.3,0
126,0.6571428571428571,-1.148982810955012,4.7,6.9,4.5,6.8,5.9,8.8,6.0,4.8,5.2,1
493,0.34285714285714275,0.7823812915063311,5.2,4.6,2.2,6.0,4.5,6.8,6.1,4.5,3.5,0
537,0.4571428571428571,-1.578174833724199,6.8,7.5,5.7,5.7,6.0,8.2,6.6,6.5,5.2,1
596,0.08571428571428563,0.06706125355768552,4.7,7.1,3.6,7.7,3.0,5.2,5.1,4.3,4.7,0
886,0.5999999999999999,1.4977013294549766,5.3,3.7,4.2,5.4,4.5,3.8,6.7,3.7,3.5,0
1108,0.5999999999999999,-1.0059188033652828,2.7,6.6,6.5,6.3,6.0,8.7,4.7,4.6,4.6,1
502,0.2857142857142857,0.5677852801217369,8.4,6.1,2.8,7.8,3.8,4.9,7.2,5.4,4.5,0
1112,0.3714285714285713,0.9969773028909252,6.3,7.6,5.5,7.5,5.9,4.6,6.6,5.2,4.6,1
239,0.3714285714285713,0.9969773028909252,5.4,7.8,4.6,7.5,5.9,4.6,6.4,4.8,4.6,1
610,0.05714285714285705,0.9969773028909252,2.6,7.2,2.2,7.2,4.5,6.2,6.4,6.7,4.5,1
45,0.4857142857142856,0.9254452990960595,5.7,5.5,2.4,8.4,4.8,7.1,6.7,4.5,4.2,1
355,0.2285714285714285,0.42472127253200825,7.2,5.8,4.1,7.6,3.7,4.8,6.9,5.3,4.4,0
687,0.5428571428571427,-1.4351108261344698,5.5,7.2,3.5,6.4,5.5,8.4,6.2,5.7,4.8,1
236,0.9428571428571428,-1.7212388413139283,7.7,7.0,5.6,5.7,8.2,6.3,7.4,5.5,4.9,1
449,1.0,1.211573314275518,6.8,5.9,5.4,8.3,7.8,4.5,6.4,4.3,4.3,1
567,0.3714285714285713,-0.2905987654166373,3.8,3.5,2.9,4.1,4.5,7.6,5.1,4.0,3.4,0
24,0.2285714285714285,0.42472127253200825,7.2,5.8,4.1,7.6,3.7,4.8,6.9,5.3,4.4,0
578,0.2285714285714285,0.42472127253200825,5.7,6.0,2.3,7.6,3.7,4.8,5.8,5.7,4.4,0
935,0.8285714285714283,-2.007366856493386,6.6,6.9,4.4,5.4,7.8,5.9,7.2,4.9,4.5,1
1013,0.4571428571428571,1.0685093066857896,4.7,5.4,3.8,6.5,4.9,8.5,4.9,4.1,4.1,1
1168,0.6571428571428571,0.8539132953011953,3.6,6.4,5.3,5.3,7.1,8.4,5.8,4.5,4.4,1
560,0.4571428571428571,0.9969773028909252,4.0,4.6,4.7,6.4,5.5,7.4,5.3,3.6,3.4,1
565,0.34285714285714275,-1.649706837519064,5.1,6.4,3.7,5.7,5.6,9.1,5.4,5.0,4.5,0
473,0.2857142857142857,0.5677852801217369,6.4,4.9,2.4,6.8,4.6,6.8,6.3,4.3,4.0,1
1199,0.3714285714285713,0.9969773028909252,5.4,7.8,4.6,7.5,5.9,4.6,6.4,4.8,4.6,1
1097,0.4571428571428571,-1.578174833724199,6.8,7.5,5.7,5.7,6.0,8.2,6.6,6.5,5.2,1
146,0.4571428571428571,-1.578174833724199,3.5,6.7,5.4,5.7,6.0,8.2,5.4,4.7,5.2,1
439,0.5714285714285714,-0.5767267805960957,4.1,2.6,2.1,3.3,4.5,9.9,5.5,2.0,2.4,0
195,0.2857142857142857,0.5677852801217369,6.1,4.3,3.5,6.1,2.9,5.6,6.1,3.1,2.5,0
1114,0.11428571428571432,-0.14753475782690803,6.7,6.6,1.9,7.2,4.3,5.9,6.5,4.7,4.3,1
252,0.2285714285714285,1.4261693256601122,6.8,5.0,5.4,5.9,4.8,4.9,7.3,3.1,3.8,0
802,0.3999999999999999,-1.077450807160147,2.7,5.3,3.9,3.9,5.3,7.1,5.2,4.7,3.9,0
179,0.5142857142857142,-1.578174833724199,6.7,6.0,3.3,5.5,5.1,6.2,6.7,4.2,4.5,0
767,0.5428571428571427,-1.4351108261344698,5.5,7.2,3.5,6.4,5.5,8.4,6.2,5.7,4.8,1
453,0.4571428571428571,1.0685093066857896,4.7,5.4,3.8,6.5,4.9,8.5,4.9,4.1,4.1,1
937,0.4571428571428571,-1.578174833724199,6.8,7.5,5.7,5.7,6.0,8.2,6.6,6.5,5.2,1
155,0.11428571428571432,-0.14753475782690803,8.0,6.7,3.5,7.2,4.3,5.9,6.9,5.1,4.3,1
882,0.3999999999999999,0.8539132953011953,5.5,5.4,4.2,6.2,4.6,8.3,6.5,4.6,3.9,0
1090,0.05714285714285705,0.9969773028909252,2.6,7.2,2.2,7.2,4.5,6.2,6.4,6.7,4.5,1
377,0.4571428571428571,-1.578174833724199,6.8,7.5,5.7,5.7,6.0,8.2,6.6,6.5,5.2,1
36,0.5714285714285714,-0.5767267805960957,4.1,2.6,2.1,3.3,4.5,9.9,5.5,2.0,2.4,0
143,0.3999999999999999,-0.21906676162177294,5.2,5.8,5.6,6.6,5.4,4.4,6.7,4.6,4.0,1
342,0.5142857142857142,-1.578174833724199,6.7,6.0,3.3,5.5,5.1,6.2,6.7,4.2,4.5,0
173,0.2857142857142857,0.5677852801217369,8.4,6.1,2.8,7.8,3.8,4.9,7.2,5.4,4.5,0
9,0.3999999999999999,0.4962532763268726,7.4,5.1,3.5,7.3,4.7,3.7,6.7,4.8,4.0,0
901,0.34285714285714275,0.7823812915063311,5.9,4.6,3.9,6.0,4.5,6.8,6.4,3.9,3.5,0
1160,0.5714285714285714,-0.5767267805960957,4.1,2.6,2.1,3.3,4.5,9.9,5.5,2.0,2.4,0
187,0.7714285714285716,-1.2920468185447411,6.3,3.9,4.4,3.9,6.4,8.2,5.8,3.0,3.2,0
729,0.2857142857142857,-0.8628547957755536,3.0,3.7,4.8,6.3,4.5,5.0,5.2,2.9,3.1,0
324,0.31428571428571417,0.06706125355768552,3.8,5.8,3.2,4.6,4.7,8.7,5.3,4.9,4.2,0
1062,0.34285714285714275,0.2816572649422797,3.3,5.5,3.1,4.6,5.2,9.1,4.1,4.6,3.9,0
314,0.11428571428571432,-0.14753475782690803,6.7,6.6,1.9,7.2,4.3,5.9,6.5,4.7,4.3,1
441,0.4857142857142856,0.42472127253200825,2.5,5.9,4.8,4.9,6.0,6.8,4.7,5.0,3.7,1
43,0.2857142857142857,0.5677852801217369,4.6,4.8,2.7,6.8,4.6,6.8,5.8,3.8,4.0,1
127,0.5428571428571427,-1.4351108261344698,5.5,7.2,3.5,6.4,5.5,8.4,6.2,5.7,4.8,1
1065,0.3999999999999999,0.4962532763268726,7.4,5.1,3.5,7.3,4.7,3.7,6.7,4.8,4.0,0
380,0.08571428571428563,1.0685093066857896,4.8,6.1,3.2,7.3,4.6,6.3,6.3,4.7,4.6,1
475,0.11428571428571432,-0.14753475782690803,8.0,6.7,3.5,7.2,4.3,5.9,6.9,5.1,4.3,1
415,0.3999999999999999,-1.5066428299293348,5.1,6.7,3.7,5.9,5.8,9.3,5.9,4.4,4.6,0
1048,0.3999999999999999,-0.21906676162177294,3.0,4.0,5.1,4.2,4.6,7.7,4.9,4.7,3.5,0
842,0.34285714285714275,0.9254452990960595,5.6,5.6,5.4,7.4,5.8,4.5,6.2,5.4,4.5,1
1161,0.4857142857142856,0.42472127253200825,2.5,5.9,4.8,4.9,6.0,6.8,4.7,5.0,3.7,1
877,0.4285714285714286,0.8539132953011953,7.0,4.1,4.4,6.3,5.4,7.3,7.5,4.4,3.3,1
264,0.3999999999999999,-0.21906676162177294,3.0,4.0,5.1,4.2,4.6,7.7,4.9,4.7,3.5,0
1170,0.05714285714285705,0.9969773028909252,2.6,7.2,2.2,7.2,4.5,6.2,6.4,6.7,4.5,1
420,0.2857142857142857,-0.8628547957755536,3.0,3.7,4.8,6.3,4.5,5.0,5.2,2.9,3.1,0
761,0.4857142857142856,0.42472127253200825,2.5,5.9,4.8,4.9,6.0,6.8,4.7,5.0,3.7,1
876,0.9428571428571428,-1.7212388413139283,7.7,7.0,5.6,5.7,8.2,6.3,7.4,5.5,4.9,1
922,0.34285714285714275,0.9254452990960595,5.6,5.6,5.4,7.4,5.8,4.5,6.2,5.4,4.5,1
498,0.2285714285714285,0.42472127253200825,7.2,5.8,4.1,7.6,3.7,4.8,6.9,5.3,4.4,0
571,0.4857142857142856,0.6393172839166025,3.8,5.1,4.3,4.7,4.8,5.8,5.0,4.4,2.9,0
574,0.2285714285714285,1.4261693256601122,6.8,5.0,5.4,5.9,4.8,4.9,7.3,3.1,3.8,0
108,0.2,0.4962532763268726,5.8,3.9,2.9,5.6,4.0,6.3,6.1,2.7,3.0,0
702,0.8285714285714283,-0.3621307692115016,4.8,7.7,4.5,7.2,6.9,9.6,6.4,5.7,5.5,1
662,0.5142857142857142,-1.578174833724199,7.9,6.4,2.7,5.5,5.1,6.2,7.5,5.0,4.5,0
147,0.6571428571428571,0.8539132953011953,6.1,5.9,6.3,5.3,7.1,8.4,7.1,5.4,4.4,1
930,0.05714285714285705,0.9969773028909252,2.6,7.2,2.2,7.2,4.5,6.2,6.4,6.7,4.5,1
391,0.4571428571428571,1.0685093066857896,7.0,6.2,4.7,6.5,4.9,8.5,7.3,4.3,4.1,1
955,0.11428571428571432,-0.14753475782690803,8.0,6.7,3.5,7.2,4.3,5.9,6.9,5.1,4.3,1
409,0.08571428571428563,0.13859325735254982,7.2,4.5,2.3,5.1,3.8,6.6,6.8,3.0,3.0,0
881,0.7714285714285716,-1.2920468185447411,6.3,3.9,4.4,3.9,6.4,8.2,5.8,3.0,3.2,0
1064,0.08571428571428563,0.13859325735254982,7.2,4.5,2.3,5.1,3.8,6.6,6.8,3.0,3.0,0
854,0.8285714285714283,0.9969773028909252,4.6,6.8,5.8,6.6,6.3,7.4,5.1,4.6,4.3,1
932,0.3999999999999999,0.2101252611474141,3.9,6.2,5.8,4.9,5.0,9.0,5.2,4.7,4.5,1
349,0.2857142857142857,0.5677852801217369,8.4,6.1,2.8,7.8,3.8,4.9,7.2,5.4,4.5,0
600,0.31428571428571417,-1.2205148147498763,3.9,4.8,4.6,3.6,5.1,6.9,5.4,4.3,3.7,0
459,0.4857142857142856,-0.00447075023717878,4.3,5.8,4.4,6.9,5.8,4.7,5.2,4.1,4.3,1
867,0.6571428571428571,0.8539132953011953,6.1,5.9,6.3,5.3,7.1,8.4,7.1,5.4,4.4,1
1077,0.2857142857142857,0.5677852801217369,4.0,6.8,3.2,7.8,3.8,4.9,6.1,4.3,4.5,0
395,0.11428571428571432,-0.14753475782690803,8.0,6.7,3.5,7.2,4.3,5.9,6.9,5.1,4.3,1
679,0.4285714285714286,-0.8628547957755536,6.5,5.3,5.3,5.1,4.9,9.2,5.7,3.5,3.4,0
72,0.3714285714285713,0.9969773028909252,6.3,7.6,5.5,7.5,5.9,4.6,6.6,5.2,4.6,1
783,0.3999999999999999,-0.21906676162177294,5.2,5.8,5.6,6.6,5.4,4.4,6.7,4.6,4.0,1
1082,0.34285714285714275,0.9254452990960595,5.6,5.6,5.4,7.4,5.8,4.5,6.2,5.4,4.5,1
583,0.5142857142857142,-1.578174833724199,6.7,6.0,3.3,5.5,5.1,6.2,6.7,4.2,4.5,0
488,0.1428571428571429,0.2101252611474141,5.1,7.2,3.4,7.9,3.1,5.3,5.5,3.9,4.9,0
949,0.4285714285714286,1.4261693256601122,7.5,4.7,5.6,7.0,6.7,6.8,7.2,4.1,3.9,1
120,0.3714285714285713,-0.2905987654166373,3.8,3.5,2.9,4.1,4.5,7.6,5.1,4.0,3.4,0
1093,0.4571428571428571,1.0685093066857896,4.7,5.4,3.8,6.5,4.9,8.5,4.9,4.1,4.1,1
129,1.0,1.211573314275518,6.8,5.9,5.4,8.3,7.8,4.5,6.4,4.3,4.3,1
224,0.17142857142857135,1.4261693256601122,7.2,6.9,2.6,5.8,3.5,5.4,6.2,5.6,4.0,1
804,0.2857142857142857,0.5677852801217369,3.3,3.2,3.1,6.1,2.9,5.6,5.0,3.1,2.5,0
261,0.7428571428571427,0.4962532763268726,5.6,5.3,2.3,6.0,5.7,6.7,5.8,4.9,3.6,0
159,0.3714285714285713,0.9969773028909252,5.4,7.8,4.6,7.5,5.9,4.6,6.4,4.8,4.6,1
987,0.5714285714285714,-0.5767267805960957,4.1,2.6,2.1,3.3,4.5,9.9,5.5,2.0,2.4,0
1107,0.6571428571428571,0.8539132953011953,6.1,5.9,6.3,5.3,7.1,8.4,7.1,5.4,4.4,1
458,0.4285714285714286,1.4261693256601122,3.7,6.1,4.2,7.0,6.7,6.8,5.9,4.5,3.9,1
336,0.34285714285714275,-1.649706837519064,5.1,6.4,3.7,5.7,5.6,9.1,5.4,5.0,4.5,0
659,0.2857142857142857,0.5677852801217369,8.4,6.1,2.8,7.8,3.8,4.9,7.2,5.4,4.5,0
1191,0.4571428571428571,1.0685093066857896,7.0,6.2,4.7,6.5,4.9,8.5,7.3,4.3,4.1,1
763,0.2857142857142857,0.5677852801217369,4.6,4.8,2.7,6.8,4.6,6.8,5.8,3.8,4.0,1
350,0.5142857142857142,-0.8628547957755536,5.2,3.9,3.0,5.4,6.8,8.4,6.2,2.5,3.5,0
1144,0.2857142857142857,0.5677852801217369,8.4,6.1,2.8,7.8,3.8,4.9,7.2,5.4,4.5,0
161,0.3999999999999999,-1.077450807160147,2.7,5.3,3.9,3.9,5.3,7.1,5.2,4.7,3.9,0
831,0.3999999999999999,-0.9343867995704184,5.8,4.1,4.9,4.7,4.8,7.2,6.5,3.5,2.8,0
539,0.4857142857142856,-0.00447075023717878,4.3,5.8,4.4,6.9,5.8,4.7,5.2,4.1,4.3,1
648,0.34285714285714275,0.7823812915063311,5.9,4.6,3.9,6.0,4.5,6.8,6.4,3.9,3.5,0
529,1.0,1.211573314275518,6.8,5.9,5.4,8.3,7.8,4.5,6.4,4.3,4.3,1
940,0.08571428571428563,1.0685093066857896,4.8,6.1,3.2,7.3,4.6,6.3,6.3,4.7,4.6,1
429,0.4857142857142856,0.6393172839166025,3.8,5.1,4.3,4.7,4.8,5.8,5.0,4.4,2.9,0
116,0.2857142857142857,0.5677852801217369,6.1,4.3,3.5,6.1,2.9,5.6,6.1,3.1,2.5,0
629,0.4285714285714286,1.4261693256601122,7.5,4.7,5.6,7.0,6.7,6.8,7.2,4.1,3.9,1
1190,0.4857142857142856,0.42472127253200825,5.3,5.5,5.0,4.9,6.0,6.8,5.7,4.4,3.7,1
170,0.31428571428571417,-1.2205148147498763,3.9,4.8,4.6,3.6,5.1,6.9,5.4,4.3,3.7,0
1032,0.3714285714285713,0.9969773028909252,6.3,7.6,5.5,7.5,5.9,4.6,6.6,5.2,4.6,1
113,0.3999999999999999,-1.5066428299293348,5.1,6.7,3.7,5.9,5.8,9.3,5.9,4.4,4.6,0
750,0.3999999999999999,0.8539132953011953,5.5,5.4,4.2,6.2,4.6,8.3,6.5,4.6,3.9,0
703,0.3999999999999999,-0.21906676162177294,5.2,5.8,5.6,6.6,5.4,4.4,6.7,4.6,4.0,1
271,0.3999999999999999,0.8539132953011953,5.5,5.4,4.2,6.2,4.6,8.3,6.5,4.6,3.9,0
341,0.1428571428571429,0.2101252611474141,5.1,7.2,3.4,7.9,3.1,5.3,5.5,3.9,4.9,0
167,0.3999999999999999,-0.21906676162177294,7.6,4.6,4.7,4.6,5.0,7.4,8.1,4.5,3.9,0
775,0.8285714285714283,-2.007366856493386,6.6,6.9,4.4,5.4,7.8,5.9,7.2,4.9,4.5,1
737,0.5999999999999999,1.4977013294549766,5.3,3.7,4.2,5.4,4.5,3.8,6.7,3.7,3.5,0
248,0.2285714285714285,1.4261693256601122,7.4,4.8,4.0,5.9,4.8,4.9,5.9,3.2,3.8,0
384,0.17142857142857135,1.4261693256601122,7.2,6.9,2.6,5.8,3.5,5.4,6.2,5.6,4.0,1
485,0.4285714285714286,-0.7197907881858243,5.0,2.6,2.1,2.3,5.4,8.9,4.8,2.1,2.0,0
49,1.0,1.211573314275518,6.8,5.9,5.4,8.3,7.8,4.5,6.4,4.3,4.3,1
1043,0.2285714285714285,0.42472127253200825,5.7,6.0,2.3,7.6,3.7,4.8,5.8,5.7,4.4,0
952,0.3714285714285713,0.9969773028909252,6.3,7.6,5.5,7.5,5.9,4.6,6.6,5.2,4.6,1
483,0.3999999999999999,-0.21906676162177294,3.0,4.0,5.1,4.2,4.6,7.7,4.9,4.7,3.5,0
704,0.17142857142857135,1.4261693256601122,7.2,6.9,2.6,5.8,3.5,5.4,6.2,5.6,4.0,1
20,0.2285714285714285,-0.00447075023717878,4.4,5.1,5.9,4.2,4.8,9.7,5.7,3.4,3.5,0
658,0.3999999999999999,-0.21906676162177294,7.6,4.6,4.7,4.6,5.0,7.4,8.1,4.5,3.9,0
396,0.9428571428571428,-1.7212388413139283,7.7,7.0,5.6,5.7,8.2,6.3,7.4,5.5,4.9,1
692,0.3999999999999999,0.2101252611474141,3.9,6.2,5.8,4.9,5.0,9.0,5.2,4.7,4.5,1
343,0.3999999999999999,-0.9343867995704184,5.8,4.1,4.9,4.7,4.8,7.2,6.5,3.5,2.8,0
125,0.4857142857142856,0.9254452990960595,5.7,5.5,2.4,8.4,4.8,7.1,6.7,4.5,4.2,1
1125,0.34285714285714275,0.2816572649422797,3.3,5.5,3.1,4.6,5.2,9.1,4.1,4.6,3.9,0
452,0.3999999999999999,0.2101252611474141,3.9,6.2,5.8,4.9,5.0,9.0,5.2,4.7,4.5,1
947,0.6571428571428571,0.8539132953011953,6.1,5.9,6.3,5.3,7.1,8.4,7.1,5.4,4.4,1
559,0.3714285714285713,0.9969773028909252,5.4,7.8,4.6,7.5,5.9,4.6,6.4,4.8,4.6,1
907,0.34285714285714275,0.2816572649422797,3.3,5.5,3.1,4.6,5.2,9.1,4.1,4.6,3.9,0
847,0.5428571428571427,-1.4351108261344698,5.5,7.2,3.5,6.4,5.5,8.4,6.2,5.7,4.8,1
232,0.3714285714285713,0.9969773028909252,6.3,7.6,5.5,7.5,5.9,4.6,6.6,5.2,4.6,1
318,0.4857142857142856,0.9254452990960595,4.6,5.3,4.2,8.4,4.8,7.1,6.2,4.4,4.2,1
128,0.6571428571428571,0.8539132953011953,3.6,6.4,5.3,5.3,7.1,8.4,5.8,4.5,4.4,1
428,0.34285714285714275,-0.5767267805960957,4.9,4.1,4.0,5.0,5.9,7.8,6.1,2.6,2.7,0
1197,0.4285714285714286,0.8539132953011953,7.0,4.1,4.4,6.3,5.4,7.3,7.5,4.4,3.3,1
326,0.3999999999999999,-0.8628547957755536,5.9,4.2,3.4,4.7,4.8,7.2,5.7,4.0,2.8,0
274,0.3999999999999999,-1.077450807160147,6.6,6.1,4.0,3.9,5.3,7.1,6.1,5.6,3.9,0
503,0.34285714285714275,-1.649706837519064,5.1,6.4,3.7,5.7,5.6,9.1,5.4,5.0,4.5,0
1143,0.5142857142857142,-1.578174833724199,6.7,6.0,3.3,5.5,5.1,6.2,6.7,4.2,4.5,0
651,0.34285714285714275,-0.5767267805960957,4.9,4.1,4.0,5.0,5.9,7.8,6.1,2.6,2.7,0
293,0.4571428571428571,1.0685093066857896,4.7,5.4,3.8,6.5,4.9,8.5,4.9,4.1,4.1,1
284,0.9714285714285712,1.1400413104806535,4.6,6.9,5.0,6.9,6.6,7.6,6.5,5.1,4.4,1
558,0.4857142857142856,0.9254452990960595,4.6,5.3,4.2,8.4,4.8,7.1,6.2,4.4,4.2,1
14,0.34285714285714275,0.2816572649422797,3.3,5.5,3.1,4.6,5.2,9.1,4.1,4.6,3.9,0
1051,0.3999999999999999,-1.077450807160147,2.7,5.3,3.9,3.9,5.3,7.1,5.2,4.7,3.9,0
928,0.6571428571428571,0.8539132953011953,3.6,6.4,5.3,5.3,7.1,8.4,5.8,4.5,4.4,1
288,0.6571428571428571,0.8539132953011953,3.6,6.4,5.3,5.3,7.1,8.4,5.8,4.5,4.4,1
348,0.2857142857142857,0.5677852801217369,4.0,6.8,3.2,7.8,3.8,4.9,6.1,4.3,4.5,0
196,0.2285714285714285,0.42472127253200825,5.7,6.0,2.3,7.6,3.7,4.8,5.8,5.7,4.4,0
344,0.4285714285714286,-0.8628547957755536,6.5,5.3,5.3,5.1,4.9,9.2,5.7,3.5,3.4,0
557,0.4285714285714286,0.8539132953011953,7.0,4.1,4.4,6.3,5.4,7.3,7.5,4.4,3.3,1
979,0.2857142857142857,-0.8628547957755536,3.0,3.7,4.8,6.3,4.5,5.0,5.2,2.9,3.1,0
178,0.7428571428571427,0.4962532763268726,5.6,5.3,2.3,6.0,5.7,6.7,5.8,4.9,3.6,0
762,0.34285714285714275,0.9254452990960595,5.6,5.6,5.4,7.4,5.8,4.5,6.2,5.4,4.5,1
1017,0.4571428571428571,-1.578174833724199,6.8,7.5,5.7,5.7,6.0,8.2,6.6,6.5,5.2,1
454,0.8285714285714283,0.9969773028909252,4.6,6.8,5.8,6.6,6.3,7.4,5.1,4.6,4.3,1
619,0.4857142857142856,-0.00447075023717878,4.3,5.8,4.4,6.9,5.8,4.7,5.2,4.1,4.3,1
791,0.4571428571428571,1.0685093066857896,7.0,6.2,4.7,6.5,4.9,8.5,7.3,4.3,4.1,1
582,0.31428571428571417,0.06706125355768552,6.1,5.7,5.5,4.6,4.7,8.7,5.9,4.7,4.2,0
